"","OTU","assignmentQual","taxID","superkingdom","phylum","class","order","family","genus","species"
"1","ASV_1","High","9606","Eukaryota","Chordata","Mammalia","Primates","Hominidae","Homo","Homo sapiens"
"2","ASV_2","High","9771","Eukaryota","Chordata","Mammalia","Artiodactyla","Balaenopteridae","Balaenoptera","Balaenoptera musculus"
"3","ASV_3","High-MH","None","Eukaryota","Chordata","Mammalia","Artiodactyla","Balaenidae",NA,NA
"4","ASV_4","High","39293","Eukaryota","Chordata","Mammalia","Carnivora","Phocidae","Cystophora","Cystophora cristata"
"5","ASV_5","High-MH","None","Eukaryota","Chordata","Mammalia","Artiodactyla","Suidae","Sus",NA
"6","ASV_6","Low","30960","Eukaryota","Chordata","Actinopteri","Osmeriformes","Salangidae","Mallotus","Mallotus villosus"
"7","ASV_7","High","9742","Eukaryota","Chordata","Mammalia","Artiodactyla","Phocoenidae","Phocoena","Phocoena phocoena"
"8","ASV_8","Low","9771","Eukaryota","Chordata","Mammalia","Artiodactyla","Balaenopteridae","Balaenoptera","Balaenoptera musculus"
"9","ASV_9","High","9767","Eukaryota","Chordata","Mammalia","Artiodactyla","Balaenopteridae","Balaenoptera","Balaenoptera acutorostrata"
"10","ASV_10","High","39089","Eukaryota","Chordata","Mammalia","Carnivora","Phocidae","Phoca","Phoca groenlandica"
"11","ASV_11","High","27610","Eukaryota","Chordata","Mammalia","Artiodactyla","Delphinidae","Lagenorhynchus","Lagenorhynchus albirostris"
"12","ASV_12","High","9770","Eukaryota","Chordata","Mammalia","Artiodactyla","Balaenopteridae","Balaenoptera","Balaenoptera physalus"
"13","ASV_13","High","9606","Eukaryota","Chordata","Mammalia","Primates","Hominidae","Homo","Homo sapiens"
"14","ASV_14","High","9773","Eukaryota","Chordata","Mammalia","Artiodactyla","Balaenopteridae","Megaptera","Megaptera novaeangliae"
"15","ASV_15","High","9606","Eukaryota","Chordata","Mammalia","Primates","Hominidae","Homo","Homo sapiens"
"16","ASV_16","Low","138695","Eukaryota","Chordata","Mammalia","Chiroptera","Phyllostomidae","Carollia","Carollia brevicauda"
"17","ASV_17","Low","39090","Eukaryota","Chordata","Mammalia","Carnivora","Phocidae","Phoca","Phoca largha"
"18","ASV_18","Low","39089","Eukaryota","Chordata","Mammalia","Carnivora","Phocidae","Phoca","Phoca groenlandica"
"19","ASV_19","Low","9767","Eukaryota","Chordata","Mammalia","Artiodactyla","Balaenopteridae","Balaenoptera","Balaenoptera acutorostrata"
"20","ASV_21","High","9606","Eukaryota","Chordata","Mammalia","Primates","Hominidae","Homo","Homo sapiens"
"21","ASV_24","Low","9606","Eukaryota","Chordata","Mammalia","Primates","Hominidae","Homo","Homo sapiens"
"22","ASV_25","Low","40151","Eukaryota","Chordata","Mammalia","Artiodactyla","Monodontidae","Monodon","Monodon monoceros"
"23","ASV_26","High","9606","Eukaryota","Chordata","Mammalia","Primates","Hominidae","Homo","Homo sapiens"
"24","ASV_27","High","9606","Eukaryota","Chordata","Mammalia","Primates","Hominidae","Homo","Homo sapiens"
"25","ASV_28","High","9606","Eukaryota","Chordata","Mammalia","Primates","Hominidae","Homo","Homo sapiens"
"26","ASV_30","High","9685","Eukaryota","Chordata","Mammalia","Carnivora","Felidae","Felis","Felis catus"
"27","ASV_31","High","9606","Eukaryota","Chordata","Mammalia","Primates","Hominidae","Homo","Homo sapiens"
"28","ASV_32","High","9606","Eukaryota","Chordata","Mammalia","Primates","Hominidae","Homo","Homo sapiens"
"29","ASV_33","High-MH","None","Eukaryota","Chordata","Actinopteri","Cypriniformes","Cyprinidae","Neolissochilus",NA
"30","ASV_34","Low","9606","Eukaryota","Chordata","Mammalia","Primates","Hominidae","Homo","Homo sapiens"
"31","ASV_35","Low","9606","Eukaryota","Chordata","Mammalia","Primates","Hominidae","Homo","Homo sapiens"
"32","ASV_36","High","9606","Eukaryota","Chordata","Mammalia","Primates","Hominidae","Homo","Homo sapiens"
"33","ASV_37","High-MH","None","Can't find taxa in database","Can't find taxa in database","Can't find taxa in database","Can't find taxa in database","Can't find taxa in database","Can't find taxa in database","Can't find taxa in database"
"34","ASV_38","High","9606","Eukaryota","Chordata","Mammalia","Primates","Hominidae","Homo","Homo sapiens"
"35","ASV_39","High","9606","Eukaryota","Chordata","Mammalia","Primates","Hominidae","Homo","Homo sapiens"
"36","ASV_40","Low","9606","Eukaryota","Chordata","Mammalia","Primates","Hominidae","Homo","Homo sapiens"
"37","ASV_41","High","9606","Eukaryota","Chordata","Mammalia","Primates","Hominidae","Homo","Homo sapiens"
"38","ASV_42","High","9606","Eukaryota","Chordata","Mammalia","Primates","Hominidae","Homo","Homo sapiens"
"39","ASV_43","Low","30960","Eukaryota","Chordata","Actinopteri","Osmeriformes","Salangidae","Mallotus","Mallotus villosus"
"40","ASV_44","High","9823","Eukaryota","Chordata","Mammalia","Artiodactyla","Suidae","Sus","Sus scrofa"
"41","ASV_45","Low","9606","Eukaryota","Chordata","Mammalia","Primates","Hominidae","Homo","Homo sapiens"
"42","ASV_46","High","9720","Eukaryota","Chordata","Mammalia","Carnivora","Phocidae","Phoca","Phoca vitulina"
"43","ASV_47","Low","9771","Eukaryota","Chordata","Mammalia","Artiodactyla","Balaenopteridae","Balaenoptera","Balaenoptera musculus"
"44","ASV_48","Low","9606","Eukaryota","Chordata","Mammalia","Primates","Hominidae","Homo","Homo sapiens"
"45","ASV_49","Low","9606","Eukaryota","Chordata","Mammalia","Primates","Hominidae","Homo","Homo sapiens"
"46","ASV_52","Low","9606","Eukaryota","Chordata","Mammalia","Primates","Hominidae","Homo","Homo sapiens"
"47","ASV_53","Low","9606","Eukaryota","Chordata","Mammalia","Primates","Hominidae","Homo","Homo sapiens"
"48","ASV_54","High","39293","Eukaryota","Chordata","Mammalia","Carnivora","Phocidae","Cystophora","Cystophora cristata"
"49","ASV_55","High-MH","None","Eukaryota",NA,NA,NA,NA,NA,NA
"50","ASV_56","High","9606","Eukaryota","Chordata","Mammalia","Primates","Hominidae","Homo","Homo sapiens"
"51","ASV_57","High","85417","Eukaryota","Chordata","Actinopteri","Gobiiformes","Gobiidae","Gobius","Gobius niger"
"52","ASV_58","Low","9606","Eukaryota","Chordata","Mammalia","Primates","Hominidae","Homo","Homo sapiens"
"53","ASV_59","Low","27602","Eukaryota","Chordata","Mammalia","Artiodactyla","Balaenidae","Balaena","Balaena mysticetus"
"54","ASV_60","High","9771","Eukaryota","Chordata","Mammalia","Artiodactyla","Balaenopteridae","Balaenoptera","Balaenoptera musculus"
"55","ASV_61","High-MH","None","Eukaryota","Chordata","Mammalia","Carnivora","Canidae","Canis",NA
"56","ASV_62","Low","27602","Eukaryota","Chordata","Mammalia","Artiodactyla","Balaenidae","Balaena","Balaena mysticetus"
"57","ASV_63","Low","39293","Eukaryota","Chordata","Mammalia","Carnivora","Phocidae","Cystophora","Cystophora cristata"
"58","ASV_64","Low","9771","Eukaryota","Chordata","Mammalia","Artiodactyla","Balaenopteridae","Balaenoptera","Balaenoptera musculus"
"59","ASV_65","Low","39293","Eukaryota","Chordata","Mammalia","Carnivora","Phocidae","Cystophora","Cystophora cristata"
"60","ASV_66","Low","27602","Eukaryota","Chordata","Mammalia","Artiodactyla","Balaenidae","Balaena","Balaena mysticetus"
"61","ASV_67","Low","39293","Eukaryota","Chordata","Mammalia","Carnivora","Phocidae","Cystophora","Cystophora cristata"
"62","ASV_68","Low","9771","Eukaryota","Chordata","Mammalia","Artiodactyla","Balaenopteridae","Balaenoptera","Balaenoptera musculus"
"63","ASV_70","Low","9771","Eukaryota","Chordata","Mammalia","Artiodactyla","Balaenopteridae","Balaenoptera","Balaenoptera musculus"
"64","ASV_71","High-MH","None","Eukaryota","Chordata","Mammalia","Artiodactyla","Balaenidae",NA,NA
"65","ASV_72","Low","27602","Eukaryota","Chordata","Mammalia","Artiodactyla","Balaenidae","Balaena","Balaena mysticetus"
"66","ASV_73","Low","9771","Eukaryota","Chordata","Mammalia","Artiodactyla","Balaenopteridae","Balaenoptera","Balaenoptera musculus"
"67","ASV_74","Low","27602","Eukaryota","Chordata","Mammalia","Artiodactyla","Balaenidae","Balaena","Balaena mysticetus"
"68","ASV_75","Low","9742","Eukaryota","Chordata","Mammalia","Artiodactyla","Phocoenidae","Phocoena","Phocoena phocoena"
"69","ASV_76","Low","40151","Eukaryota","Chordata","Mammalia","Artiodactyla","Monodontidae","Monodon","Monodon monoceros"
"70","ASV_77","Low","9771","Eukaryota","Chordata","Mammalia","Artiodactyla","Balaenopteridae","Balaenoptera","Balaenoptera musculus"
"71","ASV_78","Low","9771","Eukaryota","Chordata","Mammalia","Artiodactyla","Balaenopteridae","Balaenoptera","Balaenoptera musculus"
"72","ASV_79","Low","39293","Eukaryota","Chordata","Mammalia","Carnivora","Phocidae","Cystophora","Cystophora cristata"
"73","ASV_80","Low","9771","Eukaryota","Chordata","Mammalia","Artiodactyla","Balaenopteridae","Balaenoptera","Balaenoptera musculus"
"74","ASV_81","Low","30960","Eukaryota","Chordata","Actinopteri","Osmeriformes","Salangidae","Mallotus","Mallotus villosus"
"75","ASV_82","Low","9771","Eukaryota","Chordata","Mammalia","Artiodactyla","Balaenopteridae","Balaenoptera","Balaenoptera musculus"
"76","ASV_83","Low","9771","Eukaryota","Chordata","Mammalia","Artiodactyla","Balaenopteridae","Balaenoptera","Balaenoptera musculus"
"77","ASV_84","Low","27602","Eukaryota","Chordata","Mammalia","Artiodactyla","Balaenidae","Balaena","Balaena mysticetus"
"78","ASV_85","Low","39293","Eukaryota","Chordata","Mammalia","Carnivora","Phocidae","Cystophora","Cystophora cristata"
"79","ASV_86","Low","9771","Eukaryota","Chordata","Mammalia","Artiodactyla","Balaenopteridae","Balaenoptera","Balaenoptera musculus"
"80","ASV_87","Low","9771","Eukaryota","Chordata","Mammalia","Artiodactyla","Balaenopteridae","Balaenoptera","Balaenoptera musculus"
"81","ASV_89","Low","39293","Eukaryota","Chordata","Mammalia","Carnivora","Phocidae","Cystophora","Cystophora cristata"
"82","ASV_90","Low","9771","Eukaryota","Chordata","Mammalia","Artiodactyla","Balaenopteridae","Balaenoptera","Balaenoptera musculus"
"83","ASV_91","Low","27602","Eukaryota","Chordata","Mammalia","Artiodactyla","Balaenidae","Balaena","Balaena mysticetus"
"84","ASV_92","Low","30960","Eukaryota","Chordata","Actinopteri","Osmeriformes","Salangidae","Mallotus","Mallotus villosus"
"85","ASV_93","Low","9771","Eukaryota","Chordata","Mammalia","Artiodactyla","Balaenopteridae","Balaenoptera","Balaenoptera musculus"
"86","ASV_94","Low","39293","Eukaryota","Chordata","Mammalia","Carnivora","Phocidae","Cystophora","Cystophora cristata"
"87","ASV_95","Low","27602","Eukaryota","Chordata","Mammalia","Artiodactyla","Balaenidae","Balaena","Balaena mysticetus"
"88","ASV_96","Low","39293","Eukaryota","Chordata","Mammalia","Carnivora","Phocidae","Cystophora","Cystophora cristata"
"89","ASV_97","Low","27602","Eukaryota","Chordata","Mammalia","Artiodactyla","Balaenidae","Balaena","Balaena mysticetus"
"90","ASV_99","Low","9771","Eukaryota","Chordata","Mammalia","Artiodactyla","Balaenopteridae","Balaenoptera","Balaenoptera musculus"
"91","ASV_100","Low","27602","Eukaryota","Chordata","Mammalia","Artiodactyla","Balaenidae","Balaena","Balaena mysticetus"
"92","ASV_101","Low","9606","Eukaryota","Chordata","Mammalia","Primates","Hominidae","Homo","Homo sapiens"
"93","ASV_102","Low","9767","Eukaryota","Chordata","Mammalia","Artiodactyla","Balaenopteridae","Balaenoptera","Balaenoptera acutorostrata"
"94","ASV_104","High-MH","None","Eukaryota","Chordata","Mammalia","Artiodactyla","Suidae","Sus",NA
"95","ASV_105","High","47308","Eukaryota","Chordata","Actinopteri","Gobiiformes","Gobiidae","Neogobius","Neogobius melanostomus"
"96","ASV_106","Low","39089","Eukaryota","Chordata","Mammalia","Carnivora","Phocidae","Phoca","Phoca groenlandica"
"97","ASV_107","Low","9606","Eukaryota","Chordata","Mammalia","Primates","Hominidae","Homo","Homo sapiens"
"98","ASV_109","Low","9823","Eukaryota","Chordata","Mammalia","Artiodactyla","Suidae","Sus","Sus scrofa"
"99","ASV_110","Low","9823","Eukaryota","Chordata","Mammalia","Artiodactyla","Suidae","Sus","Sus scrofa"
"100","ASV_111","Low","30960","Eukaryota","Chordata","Actinopteri","Osmeriformes","Salangidae","Mallotus","Mallotus villosus"
"101","ASV_112","Low","9823","Eukaryota","Chordata","Mammalia","Artiodactyla","Suidae","Sus","Sus scrofa"
"102","ASV_113","Low","138695","Eukaryota","Chordata","Mammalia","Chiroptera","Phyllostomidae","Carollia","Carollia brevicauda"
"103","ASV_114","High-MH","None","Eukaryota","Chordata","Mammalia","Artiodactyla","Suidae","Sus",NA
"104","ASV_115","Low","9823","Eukaryota","Chordata","Mammalia","Artiodactyla","Suidae","Sus","Sus scrofa"
"105","ASV_116","Low","27602","Eukaryota","Chordata","Mammalia","Artiodactyla","Balaenidae","Balaena","Balaena mysticetus"
"106","ASV_117","Low","9771","Eukaryota","Chordata","Mammalia","Artiodactyla","Balaenopteridae","Balaenoptera","Balaenoptera musculus"
"107","ASV_118","Low","30960","Eukaryota","Chordata","Actinopteri","Osmeriformes","Salangidae","Mallotus","Mallotus villosus"
"108","ASV_119","High-MH","None","Eukaryota","Chordata","Actinopteri","Cypriniformes","Cyprinidae","Tor",NA
"109","ASV_120","Low","30960","Eukaryota","Chordata","Actinopteri","Osmeriformes","Salangidae","Mallotus","Mallotus villosus"
"110","ASV_121","Low","9606","Eukaryota","Chordata","Mammalia","Primates","Hominidae","Homo","Homo sapiens"
"111","ASV_122","Low","9606","Eukaryota","Chordata","Mammalia","Primates","Hominidae","Homo","Homo sapiens"
"112","ASV_123","Low","9720","Eukaryota","Chordata","Mammalia","Carnivora","Phocidae","Phoca","Phoca vitulina"
"113","ASV_124","Low","30960","Eukaryota","Chordata","Actinopteri","Osmeriformes","Salangidae","Mallotus","Mallotus villosus"
"114","ASV_125","Low","30960","Eukaryota","Chordata","Actinopteri","Osmeriformes","Salangidae","Mallotus","Mallotus villosus"
"115","ASV_126","Low","30960","Eukaryota","Chordata","Actinopteri","Osmeriformes","Salangidae","Mallotus","Mallotus villosus"
"116","ASV_128","Low","39090","Eukaryota","Chordata","Mammalia","Carnivora","Phocidae","Phoca","Phoca largha"
"117","ASV_129","Low","9606","Eukaryota","Chordata","Mammalia","Primates","Hominidae","Homo","Homo sapiens"
"118","ASV_130","Low","9767","Eukaryota","Chordata","Mammalia","Artiodactyla","Balaenopteridae","Balaenoptera","Balaenoptera acutorostrata"
"119","ASV_131","Low","39293","Eukaryota","Chordata","Mammalia","Carnivora","Phocidae","Cystophora","Cystophora cristata"
"120","ASV_132","Low","9742","Eukaryota","Chordata","Mammalia","Artiodactyla","Phocoenidae","Phocoena","Phocoena phocoena"
"121","ASV_133","Low","39293","Eukaryota","Chordata","Mammalia","Carnivora","Phocidae","Cystophora","Cystophora cristata"
"122","ASV_134","Low","39293","Eukaryota","Chordata","Mammalia","Carnivora","Phocidae","Cystophora","Cystophora cristata"
"123","ASV_136","Low","9767","Eukaryota","Chordata","Mammalia","Artiodactyla","Balaenopteridae","Balaenoptera","Balaenoptera acutorostrata"
"124","ASV_137","Low","9771","Eukaryota","Chordata","Mammalia","Artiodactyla","Balaenopteridae","Balaenoptera","Balaenoptera musculus"
"125","ASV_139","Low","9606","Eukaryota","Chordata","Mammalia","Primates","Hominidae","Homo","Homo sapiens"
"126","ASV_141","Low","9742","Eukaryota","Chordata","Mammalia","Artiodactyla","Phocoenidae","Phocoena","Phocoena phocoena"
"127","ASV_142","High","9823","Eukaryota","Chordata","Mammalia","Artiodactyla","Suidae","Sus","Sus scrofa"
"128","ASV_143","Low","9606","Eukaryota","Chordata","Mammalia","Primates","Hominidae","Homo","Homo sapiens"
"129","ASV_144","Low","9823","Eukaryota","Chordata","Mammalia","Artiodactyla","Suidae","Sus","Sus scrofa"
"130","ASV_146","Low","9720","Eukaryota","Chordata","Mammalia","Carnivora","Phocidae","Phoca","Phoca vitulina"
"131","ASV_148","High","1003184","Eukaryota","Chordata","Actinopteri","Siluriformes","Loricariidae","Pterygoplichthys","Pterygoplichthys gibbiceps"
"132","ASV_149","Low","39089","Eukaryota","Chordata","Mammalia","Carnivora","Phocidae","Phoca","Phoca groenlandica"
"133","ASV_150","Low","27610","Eukaryota","Chordata","Mammalia","Artiodactyla","Delphinidae","Lagenorhynchus","Lagenorhynchus albirostris"
"134","ASV_151","Low","9606","Eukaryota","Chordata","Mammalia","Primates","Hominidae","Homo","Homo sapiens"
"135","ASV_153","Low","138695","Eukaryota","Chordata","Mammalia","Chiroptera","Phyllostomidae","Carollia","Carollia brevicauda"
"136","ASV_154","Low","9606","Eukaryota","Chordata","Mammalia","Primates","Hominidae","Homo","Homo sapiens"
"137","ASV_156","Low","9767","Eukaryota","Chordata","Mammalia","Artiodactyla","Balaenopteridae","Balaenoptera","Balaenoptera acutorostrata"
"138","ASV_158","Low","9606","Eukaryota","Chordata","Mammalia","Primates","Hominidae","Homo","Homo sapiens"
"139","ASV_159","High","9606","Eukaryota","Chordata","Mammalia","Primates","Hominidae","Homo","Homo sapiens"
"140","ASV_160","Low","9823","Eukaryota","Chordata","Mammalia","Artiodactyla","Suidae","Sus","Sus scrofa"
"141","ASV_161","Low","9606","Eukaryota","Chordata","Mammalia","Primates","Hominidae","Homo","Homo sapiens"
"142","ASV_162","Low","9685","Eukaryota","Chordata","Mammalia","Carnivora","Felidae","Felis","Felis catus"
"143","ASV_163","Low","9771","Eukaryota","Chordata","Mammalia","Artiodactyla","Balaenopteridae","Balaenoptera","Balaenoptera musculus"
"144","ASV_164","Low","9606","Eukaryota","Chordata","Mammalia","Primates","Hominidae","Homo","Homo sapiens"
"145","ASV_165","Low","9768","Eukaryota","Chordata","Mammalia","Artiodactyla","Balaenopteridae","Balaenoptera","Balaenoptera borealis"
"146","ASV_166","Low","9606","Eukaryota","Chordata","Mammalia","Primates","Hominidae","Homo","Homo sapiens"
"147","ASV_168","Low","9771","Eukaryota","Chordata","Mammalia","Artiodactyla","Balaenopteridae","Balaenoptera","Balaenoptera musculus"
"148","ASV_169","Low","39293","Eukaryota","Chordata","Mammalia","Carnivora","Phocidae","Cystophora","Cystophora cristata"
"149","ASV_175","Low","62698","Eukaryota","Chordata","Mammalia","Carnivora","Odobenidae","Odobenus","Odobenus rosmarus"
"150","ASV_176","Low","9606","Eukaryota","Chordata","Mammalia","Primates","Hominidae","Homo","Homo sapiens"
"151","ASV_178","Low","9606","Eukaryota","Chordata","Mammalia","Primates","Hominidae","Homo","Homo sapiens"
"152","ASV_181","Low","9606","Eukaryota","Chordata","Mammalia","Primates","Hominidae","Homo","Homo sapiens"
"153","ASV_182","Low","27602","Eukaryota","Chordata","Mammalia","Artiodactyla","Balaenidae","Balaena","Balaena mysticetus"
"154","ASV_186","Low","9606","Eukaryota","Chordata","Mammalia","Primates","Hominidae","Homo","Homo sapiens"
"155","ASV_188","High","2320858","Bacteria","Bacillota","Bacilli","Bacillales","Planococcaceae","Paenisporosarcina","Paenisporosarcina cavernae"
"156","ASV_189","Low","1633064","Eukaryota","Chordata","Actinopteri","Siluriformes","Loricariidae","Hypostomus","Hypostomus macushi"
"157","ASV_190","High-MH","None","Eukaryota","Chordata","Actinopteri","Siluriformes","Loricariidae",NA,NA
"158","ASV_191","Low","9606","Eukaryota","Chordata","Mammalia","Primates","Hominidae","Homo","Homo sapiens"
"159","ASV_195","Low","39293","Eukaryota","Chordata","Mammalia","Carnivora","Phocidae","Cystophora","Cystophora cristata"
"160","ASV_200","Low","9606","Eukaryota","Chordata","Mammalia","Primates","Hominidae","Homo","Homo sapiens"
"161","ASV_201","Low","309913","Eukaryota","Chordata","Mammalia","Artiodactyla","Suidae","Sus","Sus scrofa"
"162","ASV_202","Low","39293","Eukaryota","Chordata","Mammalia","Carnivora","Phocidae","Cystophora","Cystophora cristata"
"163","ASV_206","Low","9742","Eukaryota","Chordata","Mammalia","Artiodactyla","Phocoenidae","Phocoena","Phocoena phocoena"
"164","ASV_209","Low","9771","Eukaryota","Chordata","Mammalia","Artiodactyla","Balaenopteridae","Balaenoptera","Balaenoptera musculus"
"165","ASV_215","High","1699505","Eukaryota","Chordata","Actinopteri","Characiformes","Anostomidae","Laemolyta","Laemolyta proxima"
"166","ASV_221","Low","9606","Eukaryota","Chordata","Mammalia","Primates","Hominidae","Homo","Homo sapiens"
"167","ASV_223","None","None",NA,NA,NA,NA,NA,NA,NA
"168","ASV_230","None","None",NA,NA,NA,NA,NA,NA,NA
"169","ASV_243","Low","2268204","Archaea","Candidatus Thermoplasmatota","Thermoplasmata","Thermoplasmatales","","","Thermoplasmatales archaeon"
"170","ASV_301","Low","9771","Eukaryota","Chordata","Mammalia","Artiodactyla","Balaenopteridae","Balaenoptera","Balaenoptera musculus"
"171","ASV_302","High-MH","None","Eukaryota","Chordata","Mammalia","Lagomorpha","Leporidae","Lepus",NA
"172","ASV_303","Low","9742","Eukaryota","Chordata","Mammalia","Artiodactyla","Phocoenidae","Phocoena","Phocoena phocoena"
"173","ASV_304","Low","9606","Eukaryota","Chordata","Mammalia","Primates","Hominidae","Homo","Homo sapiens"
"174","ASV_305","Low","9771","Eukaryota","Chordata","Mammalia","Artiodactyla","Balaenopteridae","Balaenoptera","Balaenoptera musculus"
"175","ASV_306","Low","9606","Eukaryota","Chordata","Mammalia","Primates","Hominidae","Homo","Homo sapiens"
"176","ASV_307","Low","58085","Eukaryota","Chordata","Mammalia","Chiroptera","Pteropodidae","Syconycteris","Syconycteris australis"
"177","ASV_309","Low","9771","Eukaryota","Chordata","Mammalia","Artiodactyla","Balaenopteridae","Balaenoptera","Balaenoptera musculus"
"178","ASV_310","High","9606","Eukaryota","Chordata","Mammalia","Primates","Hominidae","Homo","Homo sapiens"
"179","ASV_311","Low","39293","Eukaryota","Chordata","Mammalia","Carnivora","Phocidae","Cystophora","Cystophora cristata"
"180","ASV_312","Low","9612","Eukaryota","Chordata","Mammalia","Carnivora","Canidae","Canis","Canis lupus"
"181","ASV_314","High","27610","Eukaryota","Chordata","Mammalia","Artiodactyla","Delphinidae","Lagenorhynchus","Lagenorhynchus albirostris"
"182","ASV_315","Low","111789","","","","","","","eukaryotic synthetic construct"
"183","ASV_316","Low","30960","Eukaryota","Chordata","Actinopteri","Osmeriformes","Salangidae","Mallotus","Mallotus villosus"
"184","ASV_317","Low","283924","Eukaryota","Chordata","Mammalia","Lagomorpha","Leporidae","Lepus","Lepus tolai"
"185","ASV_318","Low","75014","Eukaryota","Chordata","Actinopteri","Acanthuriformes","Acanthuridae","Acanthurus","Acanthurus xanthopterus"
"186","ASV_319","Low","283924","Eukaryota","Chordata","Mammalia","Lagomorpha","Leporidae","Lepus","Lepus tolai"
"187","ASV_320","High-MH","None","Eukaryota","Chordata","Mammalia","Artiodactyla","Suidae","Sus",NA
"188","ASV_321","Low","9767","Eukaryota","Chordata","Mammalia","Artiodactyla","Balaenopteridae","Balaenoptera","Balaenoptera acutorostrata"
"189","ASV_322","Low","39089","Eukaryota","Chordata","Mammalia","Carnivora","Phocidae","Phoca","Phoca groenlandica"
"190","ASV_323","Low","47230","Eukaryota","Chordata","Mammalia","Rodentia","Cricetidae","Microtus","Microtus arvalis"
"191","ASV_327","Low","9606","Eukaryota","Chordata","Mammalia","Primates","Hominidae","Homo","Homo sapiens"
"192","ASV_329","Low","9606","Eukaryota","Chordata","Mammalia","Primates","Hominidae","Homo","Homo sapiens"
"193","ASV_330","Low","27602","Eukaryota","Chordata","Mammalia","Artiodactyla","Balaenidae","Balaena","Balaena mysticetus"
"194","ASV_331","Low","75014","Eukaryota","Chordata","Actinopteri","Acanthuriformes","Acanthuridae","Acanthurus","Acanthurus xanthopterus"
"195","ASV_332","Low","75014","Eukaryota","Chordata","Actinopteri","Acanthuriformes","Acanthuridae","Acanthurus","Acanthurus xanthopterus"
"196","ASV_335","High","9606","Eukaryota","Chordata","Mammalia","Primates","Hominidae","Homo","Homo sapiens"
"197","ASV_336","Low","9720","Eukaryota","Chordata","Mammalia","Carnivora","Phocidae","Phoca","Phoca vitulina"
"198","ASV_338","Low","9606","Eukaryota","Chordata","Mammalia","Primates","Hominidae","Homo","Homo sapiens"
"199","ASV_339","Low","9823","Eukaryota","Chordata","Mammalia","Artiodactyla","Suidae","Sus","Sus scrofa"
"200","ASV_343","Low","9733","Eukaryota","Chordata","Mammalia","Artiodactyla","Delphinidae","Orcinus","Orcinus orca"
"201","ASV_344","Low","9770","Eukaryota","Chordata","Mammalia","Artiodactyla","Balaenopteridae","Balaenoptera","Balaenoptera physalus"
"202","ASV_345","Low","9606","Eukaryota","Chordata","Mammalia","Primates","Hominidae","Homo","Homo sapiens"
"203","ASV_346","High","39293","Eukaryota","Chordata","Mammalia","Carnivora","Phocidae","Cystophora","Cystophora cristata"
"204","ASV_347","Low","9720","Eukaryota","Chordata","Mammalia","Carnivora","Phocidae","Phoca","Phoca vitulina"
"205","ASV_348","Low","75014","Eukaryota","Chordata","Actinopteri","Acanthuriformes","Acanthuridae","Acanthurus","Acanthurus xanthopterus"
"206","ASV_349","Low","75014","Eukaryota","Chordata","Actinopteri","Acanthuriformes","Acanthuridae","Acanthurus","Acanthurus xanthopterus"
"207","ASV_350","Low","10090","Eukaryota","Chordata","Mammalia","Rodentia","Muridae","Mus","Mus musculus"
"208","ASV_351","Low","75014","Eukaryota","Chordata","Actinopteri","Acanthuriformes","Acanthuridae","Acanthurus","Acanthurus xanthopterus"
"209","ASV_353","Low","9606","Eukaryota","Chordata","Mammalia","Primates","Hominidae","Homo","Homo sapiens"
"210","ASV_354","High","39089","Eukaryota","Chordata","Mammalia","Carnivora","Phocidae","Phoca","Phoca groenlandica"
"211","ASV_356","Low","9606","Eukaryota","Chordata","Mammalia","Primates","Hominidae","Homo","Homo sapiens"
"212","ASV_357","Low","9771","Eukaryota","Chordata","Mammalia","Artiodactyla","Balaenopteridae","Balaenoptera","Balaenoptera musculus"
"213","ASV_358","Low","9767","Eukaryota","Chordata","Mammalia","Artiodactyla","Balaenopteridae","Balaenoptera","Balaenoptera acutorostrata"
"214","ASV_359","Low","75014","Eukaryota","Chordata","Actinopteri","Acanthuriformes","Acanthuridae","Acanthurus","Acanthurus xanthopterus"
"215","ASV_360","Low","9720","Eukaryota","Chordata","Mammalia","Carnivora","Phocidae","Phoca","Phoca vitulina"
"216","ASV_361","Low","9720","Eukaryota","Chordata","Mammalia","Carnivora","Phocidae","Phoca","Phoca vitulina"
"217","ASV_362","Low","9770","Eukaryota","Chordata","Mammalia","Artiodactyla","Balaenopteridae","Balaenoptera","Balaenoptera physalus"
"218","ASV_363","Low","30960","Eukaryota","Chordata","Actinopteri","Osmeriformes","Salangidae","Mallotus","Mallotus villosus"
"219","ASV_364","Low","111789","","","","","","","eukaryotic synthetic construct"
"220","ASV_365","Low","27602","Eukaryota","Chordata","Mammalia","Artiodactyla","Balaenidae","Balaena","Balaena mysticetus"
"221","ASV_367","Low","9771","Eukaryota","Chordata","Mammalia","Artiodactyla","Balaenopteridae","Balaenoptera","Balaenoptera musculus"
"222","ASV_368","Low","9606","Eukaryota","Chordata","Mammalia","Primates","Hominidae","Homo","Homo sapiens"
"223","ASV_369","Low","30960","Eukaryota","Chordata","Actinopteri","Osmeriformes","Salangidae","Mallotus","Mallotus villosus"
"224","ASV_370","Low","9606","Eukaryota","Chordata","Mammalia","Primates","Hominidae","Homo","Homo sapiens"
"225","ASV_372","Low","255365","Eukaryota","Chordata","Mammalia","Artiodactyla","Balaenopteridae","Balaenoptera","Balaenoptera brydei"
"226","ASV_373","Low","9767","Eukaryota","Chordata","Mammalia","Artiodactyla","Balaenopteridae","Balaenoptera","Balaenoptera acutorostrata"
"227","ASV_374","Low","160721","Eukaryota","Chordata","Actinopteri","Perciformes","Serranidae","Epinephelus","Epinephelus itajara"
"228","ASV_375","High","3053191","Eukaryota","Chordata","Chondrichthyes","Orectolobiformes","Stegostomatidae","Stegostoma","Stegostoma tigrinum"
"229","ASV_376","Low","9770","Eukaryota","Chordata","Mammalia","Artiodactyla","Balaenopteridae","Balaenoptera","Balaenoptera physalus"
"230","ASV_377","Low","9771","Eukaryota","Chordata","Mammalia","Artiodactyla","Balaenopteridae","Balaenoptera","Balaenoptera musculus"
"231","ASV_378","Low","39293","Eukaryota","Chordata","Mammalia","Carnivora","Phocidae","Cystophora","Cystophora cristata"
"232","ASV_379","Low","9606","Eukaryota","Chordata","Mammalia","Primates","Hominidae","Homo","Homo sapiens"
"233","ASV_380","Low","27602","Eukaryota","Chordata","Mammalia","Artiodactyla","Balaenidae","Balaena","Balaena mysticetus"
"234","ASV_381","Low","9612","Eukaryota","Chordata","Mammalia","Carnivora","Canidae","Canis","Canis lupus"
"235","ASV_382","Low","39293","Eukaryota","Chordata","Mammalia","Carnivora","Phocidae","Cystophora","Cystophora cristata"
"236","ASV_383","Low","39293","Eukaryota","Chordata","Mammalia","Carnivora","Phocidae","Cystophora","Cystophora cristata"
"237","ASV_384","Low","27610","Eukaryota","Chordata","Mammalia","Artiodactyla","Delphinidae","Lagenorhynchus","Lagenorhynchus albirostris"
"238","ASV_385","Low","39293","Eukaryota","Chordata","Mammalia","Carnivora","Phocidae","Cystophora","Cystophora cristata"
"239","ASV_386","Low","27610","Eukaryota","Chordata","Mammalia","Artiodactyla","Delphinidae","Lagenorhynchus","Lagenorhynchus albirostris"
"240","ASV_387","Low","160721","Eukaryota","Chordata","Actinopteri","Perciformes","Serranidae","Epinephelus","Epinephelus itajara"
"241","ASV_388","Low","9606","Eukaryota","Chordata","Mammalia","Primates","Hominidae","Homo","Homo sapiens"
"242","ASV_389","Low","58085","Eukaryota","Chordata","Mammalia","Chiroptera","Pteropodidae","Syconycteris","Syconycteris australis"
"243","ASV_390","Low","9606","Eukaryota","Chordata","Mammalia","Primates","Hominidae","Homo","Homo sapiens"
"244","ASV_391","Low","9606","Eukaryota","Chordata","Mammalia","Primates","Hominidae","Homo","Homo sapiens"
"245","ASV_392","Low","27610","Eukaryota","Chordata","Mammalia","Artiodactyla","Delphinidae","Lagenorhynchus","Lagenorhynchus albirostris"
"246","ASV_393","Low","39089","Eukaryota","Chordata","Mammalia","Carnivora","Phocidae","Phoca","Phoca groenlandica"
"247","ASV_394","Low","9606","Eukaryota","Chordata","Mammalia","Primates","Hominidae","Homo","Homo sapiens"
"248","ASV_396","Low","9606","Eukaryota","Chordata","Mammalia","Primates","Hominidae","Homo","Homo sapiens"
"249","ASV_397","Low","9773","Eukaryota","Chordata","Mammalia","Artiodactyla","Balaenopteridae","Megaptera","Megaptera novaeangliae"
"250","ASV_398","High-MH","None","Eukaryota","Chordata","Mammalia","Artiodactyla","Bovidae","Ovis",NA
"251","ASV_399","Low","283924","Eukaryota","Chordata","Mammalia","Lagomorpha","Leporidae","Lepus","Lepus tolai"
"252","ASV_400","Low","36212","Eukaryota","Chordata","Actinopteri","Carangiformes","Carangidae","Trachurus","Trachurus trachurus"
"253","ASV_402","Low","9606","Eukaryota","Chordata","Mammalia","Primates","Hominidae","Homo","Homo sapiens"
"254","ASV_403","Low","58085","Eukaryota","Chordata","Mammalia","Chiroptera","Pteropodidae","Syconycteris","Syconycteris australis"
"255","ASV_404","Low","39089","Eukaryota","Chordata","Mammalia","Carnivora","Phocidae","Phoca","Phoca groenlandica"
"256","ASV_405","Low","9606","Eukaryota","Chordata","Mammalia","Primates","Hominidae","Homo","Homo sapiens"
"257","ASV_406","Low","47308","Eukaryota","Chordata","Actinopteri","Gobiiformes","Gobiidae","Neogobius","Neogobius melanostomus"
"258","ASV_407","Low","9606","Eukaryota","Chordata","Mammalia","Primates","Hominidae","Homo","Homo sapiens"
"259","ASV_409","Low","283924","Eukaryota","Chordata","Mammalia","Lagomorpha","Leporidae","Lepus","Lepus tolai"
"260","ASV_410","Low","9767","Eukaryota","Chordata","Mammalia","Artiodactyla","Balaenopteridae","Balaenoptera","Balaenoptera acutorostrata"
"261","ASV_411","Low","9606","Eukaryota","Chordata","Mammalia","Primates","Hominidae","Homo","Homo sapiens"
"262","ASV_412","Low","27610","Eukaryota","Chordata","Mammalia","Artiodactyla","Delphinidae","Lagenorhynchus","Lagenorhynchus albirostris"
"263","ASV_413","Low","9606","Eukaryota","Chordata","Mammalia","Primates","Hominidae","Homo","Homo sapiens"
"264","ASV_414","Low","27602","Eukaryota","Chordata","Mammalia","Artiodactyla","Balaenidae","Balaena","Balaena mysticetus"
"265","ASV_416","High","9742","Eukaryota","Chordata","Mammalia","Artiodactyla","Phocoenidae","Phocoena","Phocoena phocoena"
"266","ASV_417","Low","30960","Eukaryota","Chordata","Actinopteri","Osmeriformes","Salangidae","Mallotus","Mallotus villosus"
"267","ASV_419","Low","75014","Eukaryota","Chordata","Actinopteri","Acanthuriformes","Acanthuridae","Acanthurus","Acanthurus xanthopterus"
"268","ASV_421","Low","30960","Eukaryota","Chordata","Actinopteri","Osmeriformes","Salangidae","Mallotus","Mallotus villosus"
"269","ASV_422","Low","30960","Eukaryota","Chordata","Actinopteri","Osmeriformes","Salangidae","Mallotus","Mallotus villosus"
"270","ASV_423","Low","9771","Eukaryota","Chordata","Mammalia","Artiodactyla","Balaenopteridae","Balaenoptera","Balaenoptera musculus"
"271","ASV_424","Low","9720","Eukaryota","Chordata","Mammalia","Carnivora","Phocidae","Phoca","Phoca vitulina"
"272","ASV_425","Low","9986","Eukaryota","Chordata","Mammalia","Lagomorpha","Leporidae","Oryctolagus","Oryctolagus cuniculus"
"273","ASV_426","Low","9771","Eukaryota","Chordata","Mammalia","Artiodactyla","Balaenopteridae","Balaenoptera","Balaenoptera musculus"
"274","ASV_427","Low","9771","Eukaryota","Chordata","Mammalia","Artiodactyla","Balaenopteridae","Balaenoptera","Balaenoptera musculus"
"275","ASV_428","Low","27602","Eukaryota","Chordata","Mammalia","Artiodactyla","Balaenidae","Balaena","Balaena mysticetus"
"276","ASV_430","Low","9771","Eukaryota","Chordata","Mammalia","Artiodactyla","Balaenopteridae","Balaenoptera","Balaenoptera musculus"
"277","ASV_431","Low","2268204","Archaea","Candidatus Thermoplasmatota","Thermoplasmata","Thermoplasmatales","","","Thermoplasmatales archaeon"
"278","ASV_432","Low","283924","Eukaryota","Chordata","Mammalia","Lagomorpha","Leporidae","Lepus","Lepus tolai"
"279","ASV_434","Low","39089","Eukaryota","Chordata","Mammalia","Carnivora","Phocidae","Phoca","Phoca groenlandica"
"280","ASV_436","Low","39089","Eukaryota","Chordata","Mammalia","Carnivora","Phocidae","Phoca","Phoca groenlandica"
"281","ASV_437","Low","9606","Eukaryota","Chordata","Mammalia","Primates","Hominidae","Homo","Homo sapiens"
"282","ASV_438","High-MH","None","Eukaryota","Chordata","Mammalia","Primates","Hominidae",NA,NA
"283","ASV_439","Low","9731","Eukaryota","Chordata","Mammalia","Artiodactyla","Delphinidae","Globicephala","Globicephala melas"
"284","ASV_440","Low","27610","Eukaryota","Chordata","Mammalia","Artiodactyla","Delphinidae","Lagenorhynchus","Lagenorhynchus albirostris"
"285","ASV_442","Low","39293","Eukaryota","Chordata","Mammalia","Carnivora","Phocidae","Cystophora","Cystophora cristata"
"286","ASV_443","Low","39293","Eukaryota","Chordata","Mammalia","Carnivora","Phocidae","Cystophora","Cystophora cristata"
"287","ASV_444","Low","9606","Eukaryota","Chordata","Mammalia","Primates","Hominidae","Homo","Homo sapiens"
"288","ASV_445","Low","27610","Eukaryota","Chordata","Mammalia","Artiodactyla","Delphinidae","Lagenorhynchus","Lagenorhynchus albirostris"
"289","ASV_446","Low","39089","Eukaryota","Chordata","Mammalia","Carnivora","Phocidae","Phoca","Phoca groenlandica"
"290","ASV_447","Low","9767","Eukaryota","Chordata","Mammalia","Artiodactyla","Balaenopteridae","Balaenoptera","Balaenoptera acutorostrata"
"291","ASV_448","Low","39293","Eukaryota","Chordata","Mammalia","Carnivora","Phocidae","Cystophora","Cystophora cristata"
"292","ASV_449","Low","9767","Eukaryota","Chordata","Mammalia","Artiodactyla","Balaenopteridae","Balaenoptera","Balaenoptera acutorostrata"
"293","ASV_452","Low","9771","Eukaryota","Chordata","Mammalia","Artiodactyla","Balaenopteridae","Balaenoptera","Balaenoptera musculus"
"294","ASV_453","Low","111789","","","","","","","eukaryotic synthetic construct"
"295","ASV_454","Low","9768","Eukaryota","Chordata","Mammalia","Artiodactyla","Balaenopteridae","Balaenoptera","Balaenoptera borealis"
"296","ASV_455","Low","9742","Eukaryota","Chordata","Mammalia","Artiodactyla","Phocoenidae","Phocoena","Phocoena phocoena"
"297","ASV_456","Low","27610","Eukaryota","Chordata","Mammalia","Artiodactyla","Delphinidae","Lagenorhynchus","Lagenorhynchus albirostris"
"298","ASV_457","Low","39293","Eukaryota","Chordata","Mammalia","Carnivora","Phocidae","Cystophora","Cystophora cristata"
"299","ASV_458","Low","9767","Eukaryota","Chordata","Mammalia","Artiodactyla","Balaenopteridae","Balaenoptera","Balaenoptera acutorostrata"
"300","ASV_459","Low","27602","Eukaryota","Chordata","Mammalia","Artiodactyla","Balaenidae","Balaena","Balaena mysticetus"
"301","ASV_460","Low","27602","Eukaryota","Chordata","Mammalia","Artiodactyla","Balaenidae","Balaena","Balaena mysticetus"
"302","ASV_461","None","None",NA,NA,NA,NA,NA,NA,NA
"303","ASV_462","Low","39089","Eukaryota","Chordata","Mammalia","Carnivora","Phocidae","Phoca","Phoca groenlandica"
"304","ASV_466","Low","9823","Eukaryota","Chordata","Mammalia","Artiodactyla","Suidae","Sus","Sus scrofa"
"305","ASV_467","Low","2587865","Bacteria","Pseudomonadota","Gammaproteobacteria","Vibrionales","Vibrionaceae","Vibrio","Vibrio sp. THAF190c"
"306","ASV_468","Low","9606","Eukaryota","Chordata","Mammalia","Primates","Hominidae","Homo","Homo sapiens"
"307","ASV_469","Low","9739","Eukaryota","Chordata","Mammalia","Artiodactyla","Delphinidae","Tursiops","Tursiops truncatus"
"308","ASV_470","Low","71115","Eukaryota","Chordata","Mammalia","Carnivora","Nandiniidae","Nandinia","Nandinia binotata"
"309","ASV_471","Low","9606","Eukaryota","Chordata","Mammalia","Primates","Hominidae","Homo","Homo sapiens"
"310","ASV_472","Low","39293","Eukaryota","Chordata","Mammalia","Carnivora","Phocidae","Cystophora","Cystophora cristata"
"311","ASV_473","Low","27610","Eukaryota","Chordata","Mammalia","Artiodactyla","Delphinidae","Lagenorhynchus","Lagenorhynchus albirostris"
"312","ASV_474","Low","9606","Eukaryota","Chordata","Mammalia","Primates","Hominidae","Homo","Homo sapiens"
"313","ASV_475","Low","27610","Eukaryota","Chordata","Mammalia","Artiodactyla","Delphinidae","Lagenorhynchus","Lagenorhynchus albirostris"
"314","ASV_476","None","None",NA,NA,NA,NA,NA,NA,NA
"315","ASV_477","Low","9606","Eukaryota","Chordata","Mammalia","Primates","Hominidae","Homo","Homo sapiens"
"316","ASV_478","Low","9606","Eukaryota","Chordata","Mammalia","Primates","Hominidae","Homo","Homo sapiens"
"317","ASV_480","Low","9773","Eukaryota","Chordata","Mammalia","Artiodactyla","Balaenopteridae","Megaptera","Megaptera novaeangliae"
"318","ASV_485","Low","39089","Eukaryota","Chordata","Mammalia","Carnivora","Phocidae","Phoca","Phoca groenlandica"
"319","ASV_487","Low","9773","Eukaryota","Chordata","Mammalia","Artiodactyla","Balaenopteridae","Megaptera","Megaptera novaeangliae"
"320","ASV_489","Low","30960","Eukaryota","Chordata","Actinopteri","Osmeriformes","Salangidae","Mallotus","Mallotus villosus"
"321","ASV_490","Low","9735","Eukaryota","Chordata","Mammalia","Artiodactyla","Delphinidae","Stenella","Stenella attenuata"
"322","ASV_494","Low","39293","Eukaryota","Chordata","Mammalia","Carnivora","Phocidae","Cystophora","Cystophora cristata"
"323","ASV_495","Low","9771","Eukaryota","Chordata","Mammalia","Artiodactyla","Balaenopteridae","Balaenoptera","Balaenoptera musculus"
"324","ASV_497","High","9771","Eukaryota","Chordata","Mammalia","Artiodactyla","Balaenopteridae","Balaenoptera","Balaenoptera musculus"
"325","ASV_498","High","396787","Eukaryota","Chordata","Actinopteri","Lutjaniformes","Lutjanidae","Lutjanus","Lutjanus kasmira"
"326","ASV_499","Low","2026735","Bacteria","Myxococcota","Myxococcia","","","","Deltaproteobacteria bacterium"
"327","ASV_503","Low","9742","Eukaryota","Chordata","Mammalia","Artiodactyla","Phocoenidae","Phocoena","Phocoena phocoena"
"328","ASV_511","High","241271","Eukaryota","Chordata","Actinopteri","Labriformes","Labridae","Cheilinus","Cheilinus undulatus"
"329","ASV_518","None","None",NA,NA,NA,NA,NA,NA,NA
"330","ASV_527","Low","3053191","Eukaryota","Chordata","Chondrichthyes","Orectolobiformes","Stegostomatidae","Stegostoma","Stegostoma tigrinum"
"331","ASV_534","High","8467","Eukaryota","Chordata","","Testudines","Cheloniidae","Caretta","Caretta caretta"
