"","unlist(LN2.RIZ.asv)[match(rownames(LN2.RIZ.neg.1), names(unlist(LN2.RIZ.asv)))]","Blank5_2","Blank5_4","Neg4_3","Neg4_8","Neg5_1","Neg5_8","Neg6_2","Neg6_8","Neg7_3","PC019_Blank4_4","PC019_Blank4_5","PC019_Blank4_6","PC019.B6_4","PC019.B6_5","PC022_B2_1","PC022_B2_2","PC022_B2_3","PC022_B2_4","PC022_B2_5","PC022_B2_6","Neg4_1","Neg5_3","Neg6_3","Neg6_6","Neg7_1","Neg7_4","Neg7_7","PC019_Blank4_2","PC019.B6_1","PC019.B6_7","PC022_B3_3","PC022_B3_7","OTU","assignmentQual","taxID","superkingdom","phylum","class","order","family","genus","species"
"ASV_1","ttagccctaaacctcaacagttaaatcaacaaaactgctcgccagaacactacgagccacagcttaaaactcaaaggacctggcggtgcttcatatccct",0,0,0,4,2,0,0,4,2,75939,38872,0,0,0,3,9882,2,0,316040,0,0,0,2,0,0,2,0,0,0,0,0,0,"ASV_1","High","9606","Eukaryota","Chordata","Mammalia","Primates","Hominidae","Homo","Homo sapiens"
"ASV_2","ttagccctaaacctcaacagttaaatcaacaaaactgctcgccagaacactacgagccacagcttaaaactcaaaggacctggcggtgcttcatacccct",0,0,0,0,0,0,0,0,0,208,69,0,0,2,0,18,0,0,555,0,0,0,0,0,0,0,0,0,0,0,0,0,"ASV_2","High","9606","Eukaryota","Chordata","Mammalia","Primates","Hominidae","Homo","Homo sapiens"
"ASV_26","ttagccctaaacctcaacagttaaatcaacaaaactgctcgccagaacactacgagccacagcttaaaactcaaaggacctggcggtgcttcatatcccg",0,0,0,0,0,0,0,0,0,7,2,0,0,0,0,0,0,0,41,0,0,0,0,0,0,0,0,0,0,0,0,0,"ASV_26","High","9606","Eukaryota","Chordata","Mammalia","Primates","Hominidae","Homo","Homo sapiens"
"ASV_39","ttagccctaaacctcaacagttaaatcaacaaaactgctcgccagaacactacgagccacagcttaaaactcaaaggacctggcggtgcttcatatcccc",0,0,0,0,0,0,0,0,0,59,27,0,0,0,0,13,0,0,257,0,0,0,0,0,0,0,0,0,0,0,0,0,"ASV_39","High","9606","Eukaryota","Chordata","Mammalia","Primates","Hominidae","Homo","Homo sapiens"
"ASV_56","ctagccataaactctaatagttacattaacaaaaacagtcgccagagtactacaacagcttaaaattcaaagaacttggtggtgctttatatccct",0,0,0,0,0,0,0,0,0,0,0,0,25846,0,0,0,0,0,0,0,0,0,0,0,0,0,0,0,0,0,0,0,"ASV_56","High","9606","Eukaryota","Chordata","Mammalia","Primates","Hominidae","Homo","Homo sapiens"
"ASV_58","ttagccctaaacctcaacagttaaatcaacaaaactgctcgccagagcactacgagccacagcttaaaactcaaaggacctggcggtgcttcatatccct",0,0,0,0,0,0,0,0,0,161,68,0,0,0,0,20,0,0,800,0,0,0,0,0,0,0,0,0,0,0,0,0,"ASV_58","Low","9606","Eukaryota","Chordata","Mammalia","Primates","Hominidae","Homo","Homo sapiens"
"ASV_60","ttagccctaaacctcaacagttaaatcaacaaaactgctcgccagaacactacgagccacagcttaaaactcaaaggacctggcggtgcttcatatccca",0,0,0,0,0,0,0,0,0,7,0,0,0,0,0,0,0,0,22,0,0,0,0,0,0,0,0,0,0,0,0,0,"ASV_60","High","9606","Eukaryota","Chordata","Mammalia","Primates","Hominidae","Homo","Homo sapiens"
"ASV_62","ttagccctaaacctcaacagttaaaccaacaaaactgctcgccagaacactacgagccacagcttaaaactcaaaggacctggcggtgcttcatatccct",0,0,0,0,0,0,0,0,0,82,49,0,0,0,0,20,0,0,720,0,0,0,0,0,0,0,0,0,0,0,0,0,"ASV_62","High","9606","Eukaryota","Chordata","Mammalia","Primates","Hominidae","Homo","Homo sapiens"
"ASV_64","ttagccctaaacctcaacagttaaatcaacaaaactgctcgccagaacactacgagccacagcttaaaactcaaaggacccggcggtgcttcatatccct",0,0,0,0,0,0,0,0,0,68,38,0,0,0,0,8,0,0,357,0,0,0,0,0,0,0,0,0,0,0,0,0,"ASV_64","High","9606","Eukaryota","Chordata","Mammalia","Primates","Hominidae","Homo","Homo sapiens"
"ASV_65","ttagccctaaacctcaacagttaaatcaacaaaactgctcgccagaacactacgagccacggcttaaaactcaaaggacctggcggtgcttcatatccct",0,0,0,0,0,0,0,0,0,185,30,0,0,0,0,7,0,0,572,0,0,0,0,0,0,0,0,0,0,0,0,0,"ASV_65","Low","9606","Eukaryota","Chordata","Mammalia","Primates","Hominidae","Homo","Homo sapiens"
"ASV_72","ttagccctaaacctcaacagttaaatcaacaaaactgctcgccagaacactacgagccacagcttaaaactcaaaggacctggcggcgcttcatatccct",0,0,0,0,0,0,0,0,0,101,92,0,0,0,0,8,0,0,495,0,0,0,0,0,0,0,0,0,0,0,0,0,"ASV_72","Low","9606","Eukaryota","Chordata","Mammalia","Primates","Hominidae","Homo","Homo sapiens"
"ASV_74","ttagccctaaacctcaacagttaaatcaacaaaactgctcgccagaacactacgagccacagcttaaaactcaaaggacctggcggtgcttcatgtccct",0,0,0,0,0,0,0,0,0,61,15,0,0,0,0,10,0,0,169,0,0,0,0,0,0,0,0,0,0,0,0,0,"ASV_74","Low","9606","Eukaryota","Chordata","Mammalia","Primates","Hominidae","Homo","Homo sapiens"
"ASV_75","ttagccctaaacctcaacagttaaatcaacaaaactgctcgccagaacactacgagccgcagcttaaaactcaaaggacctggcggtgcttcatatccct",0,0,0,0,0,0,0,0,0,140,31,0,0,0,0,27,0,0,383,0,0,0,0,0,0,0,0,0,0,0,0,0,"ASV_75","Low","9606","Eukaryota","Chordata","Mammalia","Primates","Hominidae","Homo","Homo sapiens"
"ASV_94","ttagccctaaacctcaacagttaaatcaacaaaactgctcgccagaacactacgagccacagcttaaaacccaaaggacctggcggtgcttcatatccct",0,0,0,0,0,0,0,0,0,76,104,0,0,0,0,11,0,0,459,0,0,0,0,0,0,0,0,0,0,0,0,0,"ASV_94","Low","9606","Eukaryota","Chordata","Mammalia","Primates","Hominidae","Homo","Homo sapiens"
"ASV_96","ttagccctaaacctcaacagttaaatcaacaaaactgctcgccagaacactacgggccacagcttaaaactcaaaggacctggcggtgcttcatatccct",0,0,0,0,0,0,0,0,0,64,22,0,0,0,0,28,0,0,260,0,0,0,0,0,0,0,0,0,0,0,0,0,"ASV_96","High","9606","Eukaryota","Chordata","Mammalia","Primates","Hominidae","Homo","Homo sapiens"
"ASV_99","ttagccctaaacctcaacagttaaatcaacaaaactgctcgccagaacactacgagccacagcttaaaactcaaaggacctggcggtgctccatatccct",0,0,0,0,0,0,0,0,0,57,28,0,0,0,0,8,0,0,309,0,0,0,0,0,0,0,0,0,0,0,0,0,"ASV_99","Low","9606","Eukaryota","Chordata","Mammalia","Primates","Hominidae","Homo","Homo sapiens"
"ASV_100","ttagccctaaacctcaacagttaaatcaacaaaactgctcgccagaacactacgagccacagcttaaaactcaaaggacctggcggtgcctcatatccct",0,0,0,0,0,0,0,0,0,79,40,0,0,0,0,8,0,0,331,0,0,0,0,0,0,0,0,0,0,0,0,0,"ASV_100","High","9606","Eukaryota","Chordata","Mammalia","Primates","Hominidae","Homo","Homo sapiens"
"ASV_104","ttagccctaaacctcaacagttaaatcaacaagactgctcgccagaacactacgagccacagcttaaaactcaaaggacctggcggtgcttcatatccct",0,0,0,0,0,0,0,0,0,38,37,0,0,0,0,8,0,0,250,0,0,0,0,0,0,0,0,0,0,0,0,0,"ASV_104","High","9606","Eukaryota","Chordata","Mammalia","Primates","Hominidae","Homo","Homo sapiens"
"ASV_105","ttagccctaaaccccaacagttaaatcaacaaaactgctcgccagaacactacgagccacagcttaaaactcaaaggacctggcggtgcttcatatccct",0,0,0,0,0,0,0,0,0,126,27,0,0,0,0,15,0,0,224,0,0,0,0,0,0,0,0,0,0,0,0,0,"ASV_105","High","9606","Eukaryota","Chordata","Mammalia","Primates","Hominidae","Homo","Homo sapiens"
"ASV_108","ttagccctaaacctcaacagttaaatcaacaaaactgcccgccagaacactacgagccacagcttaaaactcaaaggacctggcggtgcttcatatccct",0,0,0,0,0,0,0,0,0,52,26,0,0,0,0,6,0,0,327,0,0,0,0,0,0,0,0,0,0,0,0,0,"ASV_108","Low","9606","Eukaryota","Chordata","Mammalia","Primates","Hominidae","Homo","Homo sapiens"
"ASV_112","ttagccctaaacctcaacagttaaatcaacaaaactgctcgccaggacactacgagccacagcttaaaactcaaaggacctggcggtgcttcatatccct",0,0,0,0,0,0,0,0,0,82,24,0,0,0,0,9,0,0,243,0,0,0,0,0,0,0,0,0,0,0,0,0,"ASV_112","Low","9606","Eukaryota","Chordata","Mammalia","Primates","Hominidae","Homo","Homo sapiens"
"ASV_114","ttagccctaaacctcaacagttaaatcaacaaagctgctcgccagaacactacgagccacagcttaaaactcaaaggacctggcggtgcttcatatccct",0,0,0,0,0,0,0,0,0,40,31,0,0,0,0,11,0,0,250,0,0,0,0,0,0,0,0,0,0,0,0,0,"ASV_114","Low","9606","Eukaryota","Chordata","Mammalia","Primates","Hominidae","Homo","Homo sapiens"
"ASV_117","ttagccctaaacctcaacagttaaatcaacaaaactgctcgccagaacactacgagccacagcttaaagctcaaaggacctggcggtgcttcatatccct",0,0,0,0,0,0,0,0,0,40,25,0,0,0,0,5,0,0,291,0,0,0,0,0,0,0,0,0,0,0,0,0,"ASV_117","Low","9606","Eukaryota","Chordata","Mammalia","Primates","Hominidae","Homo","Homo sapiens"
"ASV_120","ttagccctaaacctcagcagttaaatcaacaaaactgctcgccagaacactacgagccacagcttaaaactcaaaggacctggcggtgcttcatatccct",0,0,0,0,0,0,0,0,0,58,27,0,0,0,0,9,0,0,213,0,0,0,0,0,0,0,0,0,0,0,0,0,"ASV_120","Low","9606","Eukaryota","Chordata","Mammalia","Primates","Hominidae","Homo","Homo sapiens"
"ASV_122","ttagccctaaacctcaacagttaaatcaacaaaactgctcgccagaacactacgagccacagcttaaaactcaaagggcctggcggtgcttcatatccct",0,0,0,0,0,0,0,0,0,39,21,0,0,0,0,11,0,0,225,0,0,0,0,0,0,0,0,0,0,0,0,0,"ASV_122","Low","9606","Eukaryota","Chordata","Mammalia","Primates","Hominidae","Homo","Homo sapiens"
"ASV_137","ttagccctaaacctcaacagttaaatcaacaaaactgctcaccagaacactacgagccacagcttaaaactcaaaggacctggcggtgcttcatatccct",0,0,0,0,0,0,0,0,0,58,31,0,0,0,0,0,0,0,72,0,0,0,0,0,0,0,0,0,0,0,0,0,"ASV_137","Low","9606","Eukaryota","Chordata","Mammalia","Primates","Hominidae","Homo","Homo sapiens"
"ASV_182","ttagccctaaacctcaacagttaaatcaacaaaactgctcgccaggacactacgagccacagcttaaaactcaaaggacctggcggtgcttcatacccct",0,0,0,0,0,0,0,0,0,0,0,0,0,0,0,0,0,0,2,0,0,0,0,0,0,0,0,0,0,0,0,0,"ASV_182","Low","9606","Eukaryota","Chordata","Mammalia","Primates","Hominidae","Homo","Homo sapiens"
"ASV_196","ttagccctaaacctcaacagttaaatcaacaaaactgctcgcctgaacactacgagccacagcttaaaactcaaaggacctggcggtgcttcatatccct",0,0,0,0,0,0,0,0,0,4,3,0,0,0,0,0,0,0,34,0,0,0,0,0,0,0,0,0,0,0,0,0,"ASV_196","Low","9606","Eukaryota","Chordata","Mammalia","Primates","Hominidae","Homo","Homo sapiens"
"ASV_219","ccagccataaactctaatagttacattaacaaaaacagtcgccagagtactacaacagcttaaaattcaaagaacttggtggtgctttatatccct",0,0,0,0,0,0,0,0,0,0,0,0,1020,0,0,0,0,0,0,0,0,0,0,0,0,0,0,0,0,0,0,0,"ASV_219","High","9606","Eukaryota","Chordata","Mammalia","Primates","Hominidae","Homo","Homo sapiens"
"ASV_345","ttagccctaaacctcaacagttaaatcaacaaaactgctcgccagaacactacgagcagttaaatcaacaaaactgctcgccagaacactacgagccacagcttaaaactcaaaggacctggcggtgcttcatatccct",0,0,0,0,0,0,0,0,0,2,0,0,0,0,0,0,0,0,0,0,0,0,0,0,0,0,0,0,0,0,0,0,"ASV_345","Low","9606","Eukaryota","Chordata","Mammalia","Primates","Hominidae","Homo","Homo sapiens"
