"","unlist(LN2.EUK.asv)[match(rownames(LN2.EUK.neg.1), names(unlist(LN2.EUK.asv)))]","Blank5_1","Blank5_2","Blank5_3","Blank5_4","Blank5_6","Blank5_7","Blank5_8","Neg1_1","Neg1_2","Neg1_3","Neg1_5","Neg1_6","Neg1_7","Neg2_2","Neg2_3","Neg2_4","Neg2_5","Neg2_6","Neg2_8","Neg3_1","Neg3_3","Neg3_4","Neg3_6","Neg3_8","Neg4_2","Neg4_5","Neg4_6","Neg4_8","Neg5_1","Neg5_4","Neg5_5","Neg5_8","PC019_Blank4_1","PC019_Blank4_2","PC019_Blank4_3","PC019_Blank4_4","PC019_Blank4_5","PC019_Blank4_6","PC019_Blank4_7","PC019_Blank4_8","PC019.B6_2","PC019.B6_3","PC019.B6_5","PC019.B6_7","PC019.B6_8","PC022_B3_1","PC022_B3_2","PC022_B3_3","PC022_B3_4","PC022_B3_5","PC022_B3_6","PC022_B3_7","PC022_B3_8","Blank5_5","Neg1_8","Neg2_1","Neg3_2","Neg3_7","Neg4_1","Neg4_7","Neg5_2","Neg5_7","PC019.B6_1","OTU","assignmentQual","taxID","superkingdom","phylum","class","order","family","genus","species"
"ASV_1","gcacctaccgattgagtggtccggtgaaccctcgagattgtgattaatttcttttattagaatttgattgtgagaacttgtgtaaaccttatcacttagaggaaggtgaagtcgtaacaaggtttcc",2,0,2,0,0,0,0,0,0,0,0,0,0,0,0,0,2,0,2,4,0,0,0,2,0,0,0,0,0,0,2,3,0,0,2,0,2,0,0,0,0,0,0,0,2,3,0,0,0,0,0,0,0,0,0,0,0,0,0,0,0,0,0,"ASV_1","High","1497510","Eukaryota","Bacillariophyta","Coscinodiscophyceae","Chaetocerotales","Chaetocerotaceae","Chaetoceros","Chaetoceros gelidus"
"ASV_10132","gctcctaccgattgaacggtccggtgaagtcttcggagcgcggctcacgctcggtcggggcgactcggccgggtagggtcgcgcgaagtcgactaaaccttatcgtttagaggaaggagaagtcgtaacaaggtatcc",0,0,0,0,0,0,0,0,0,0,0,0,0,0,0,0,0,0,0,0,0,0,0,0,0,0,0,0,0,0,0,0,0,0,0,0,0,0,0,0,0,0,0,0,0,0,0,0,0,77,57,0,0,0,0,0,0,0,0,0,0,0,0,"ASV_10132","Low","746894","Eukaryota","Discosea","","Longamoebia","Thecamoebida","Stenamoeba","Stenamoeba limacina"
"ASV_1032","gctactaccgattgaatggcttagtgagcctttgggattggcagcttgtaccggcaacggtagcaggccgctgaaaacttaggcaaacttggtcatttagaggaagtaaaagtcgtaacaaggtttct",0,0,0,72,0,0,0,0,0,0,0,0,0,0,0,0,0,0,0,0,0,31,0,0,0,0,0,0,0,0,0,0,0,0,0,0,0,0,0,0,0,0,0,0,0,0,0,0,0,0,0,0,0,0,0,0,0,0,0,0,0,0,0,"ASV_1032","High-MH","None","Eukaryota",NA,NA,NA,NA,NA,NA
"ASV_1043","gctactaccgattgaatggctcagtgaggccttcggactggcttggggaggttggcaacgaccaccctaagccggaaagttcgtcaaactcggtcatttagaggaagtaaaagtcgtaacaaggtttcc",0,0,0,0,0,0,0,0,0,0,0,0,0,0,0,0,0,0,0,0,0,0,0,0,0,0,0,0,0,0,0,0,0,0,0,0,0,0,0,0,0,127,0,0,0,0,0,0,0,0,0,0,0,0,0,0,0,0,0,0,0,0,0,"ASV_1043","High-MH","None","Eukaryota","Ascomycota",NA,NA,NA,NA,NA
"ASV_11068","gctactaccgatcgaacgatttagtgaggtcttcggatctgcacgcgggagtcgtgaaagcgactaccgatgctgcggaaaagatgaccgaacttgatcgtttagaggaagtaaaagtcgtaacaaggtttcc",0,0,0,0,0,0,0,0,0,0,0,0,0,0,0,0,0,0,0,0,0,0,0,0,0,0,0,0,0,0,0,0,0,0,0,12,0,0,0,0,0,0,0,0,0,0,0,0,0,0,0,0,0,0,0,0,0,0,0,0,0,0,0,"ASV_11068","Low","322489","Eukaryota","Arthropoda","Insecta","Psocoptera","Sphaeropsocidae","","Sphaeropsocidae sp. B1642"
"ASV_12143","gctactaccgattgaatggcttagtgaggtcttgagattggcttcggggagccggcaacggcactctgttgctgagaacttgatcaaacttggtcatttagaggaagtaaaagtcgtaacaaggtttcc",0,0,68,0,0,0,62,0,0,0,0,0,0,0,0,0,0,0,0,0,0,0,0,0,0,0,0,0,0,0,0,0,0,0,0,0,0,0,0,0,0,0,0,0,0,0,0,0,0,0,0,0,0,0,0,0,0,0,0,0,0,0,0,"ASV_12143","High-MH","None","Eukaryota","Basidiomycota","Agaricomycetes",NA,NA,NA,NA
"ASV_1360","gctactaccgattgaatggctcagtgaggcctccggactggctcgaagaggttggcaacgaccacttcgagccggaaagctggtcaaactcggtcatttagaggaagtaaaagtcgtaacaaggtttcc",0,0,79,0,0,0,0,0,0,0,0,0,0,0,0,0,0,0,0,0,0,0,0,0,0,0,0,0,0,0,0,0,0,0,0,0,0,0,0,0,0,0,0,0,0,0,0,0,0,0,0,0,0,0,0,0,0,0,0,0,0,0,0,"ASV_1360","High-MH","None","Eukaryota","Ascomycota",NA,NA,NA,NA,NA
"ASV_1376","gctactaccgattgaacggcttagtgaggtcttgggattggctttggggagccggaaacggcaccctgttgctgagaacttgatcaaacttggtcgtttagaggaagtaaaagtcgtaacaaggtttcc",0,0,0,0,0,0,0,0,0,0,0,0,0,0,0,0,0,0,0,0,0,0,0,0,0,0,0,0,0,0,0,0,0,0,0,0,0,0,0,0,0,0,0,0,0,0,0,0,0,52,0,0,0,0,0,0,0,0,0,0,0,0,0,"ASV_1376","High-MH","None","Eukaryota","Basidiomycota","Agaricomycetes","Polyporales",NA,NA,NA
"ASV_1388","gctactaccgattgaatggcttagtgaggtcttcgaattggctttggtgagtcggcaacgacacgctatcgctgagaagttgatcaaacttggtcatttagaggaagtaaaagtcgtaacaaggtttcc",75,0,0,0,0,0,0,0,0,0,0,0,0,0,0,0,0,0,0,0,0,0,0,0,0,0,0,0,0,0,0,0,0,0,0,0,0,0,0,0,0,0,0,0,0,0,0,0,0,0,0,0,0,0,0,0,0,0,0,0,0,0,0,"ASV_1388","Low","206319","Eukaryota","Basidiomycota","Agaricomycetes","Agaricales","Omphalotaceae","Gymnopus","Gymnopus dysodes"
"ASV_1406","gctcctaccgattgaatggtccggtgaagtgttcggatcgcggcgacgtgggtggttcgccgctggcgacgtcgcgagaagtccactgaaccttatcatttagaggaaggagaagtcgtaacaaggtttcc",0,0,0,0,0,0,0,0,0,0,0,0,0,0,0,0,0,0,0,0,0,0,0,0,0,0,5,0,0,0,0,0,0,0,0,0,0,0,0,0,0,0,0,0,0,0,0,0,0,0,0,0,0,0,0,0,0,0,0,0,0,0,0,"ASV_1406","High-MH","None","Eukaryota","Streptophyta","Magnoliopsida",NA,NA,NA,NA
"ASV_1455","gctactaccgattgaatggcttagtgaggtctccggattggcttcggggagccggaaacggcaccctgttgctgagaagctgatcaaacttggtcatttagaggaagtaaaagtcgtaacaaggtttcc",0,0,0,0,0,0,0,0,0,0,0,0,0,0,0,0,0,0,0,0,0,0,0,0,0,0,0,0,0,0,0,0,0,0,0,0,0,0,0,0,0,0,0,0,0,0,0,61,0,0,0,0,0,0,0,0,0,0,0,0,0,0,0,"ASV_1455","High-MH","None","Eukaryota","Basidiomycota","Agaricomycetes",NA,NA,NA,NA
"ASV_1501","gctactaccgattgaatggctgagtgaggccttcggactggcccagggaggtcggcaacgaccacccagggccggaaagttggtcaaactccgtcatttagaggaagtaaaagtcgtaacaaggtttcc",0,0,0,0,0,0,0,0,0,0,0,0,0,0,0,0,0,0,0,0,0,0,0,0,0,0,0,0,0,0,0,0,0,0,0,0,0,0,0,0,0,0,0,0,0,0,0,0,38,57,0,0,0,0,0,0,0,0,0,0,0,0,0,"ASV_1501","High-MH","None","Eukaryota",NA,NA,NA,NA,NA,NA
"ASV_151","gctactaccgattgaatggctcggtgaggccttcggactggcccagggaggtcggcaacgaccacccagggccggaaagttggtcaaacccggtcatttagaggaagtaaaagtcgtaacaaggtctcc",116,27,117,175,0,114,423,0,0,0,0,0,0,0,0,0,0,0,0,0,0,0,0,0,0,0,0,0,0,0,0,0,0,0,3,0,49,144,19,138,0,0,0,0,0,0,20,85,15,52,0,0,40,0,0,0,0,0,0,0,0,0,0,"ASV_151","High-MH","None","Eukaryota",NA,NA,NA,NA,NA,NA
"ASV_1532","gctactaccgattgaatggctcggtgaggccttcggactggctccagggggttggcaacgaccccccagagccggaaagttggtcaaacccggtcatttagaggaagtaaaagtcgtaacaaggtttcc",0,0,0,0,0,0,0,0,0,0,0,2,0,0,0,0,0,0,0,0,0,0,0,0,0,0,0,0,0,0,0,0,0,0,0,0,0,0,0,0,0,0,0,0,0,0,0,0,0,0,0,0,0,0,0,0,0,0,0,0,0,0,0,"ASV_1532","High-MH","None","Eukaryota","Ascomycota","Eurotiomycetes","Eurotiales",NA,NA,NA
"ASV_1552","gctactaccgattgaatggctcagtgaggctttgggactggctcaggagggttggcaacgaccccccagagccggaaacttagtcaaactcggtcatttagaggaagtaaaagtcgtaacaaggtttcc",30,0,0,0,0,0,0,0,0,0,0,0,0,0,0,0,0,0,0,0,0,0,0,0,0,0,0,0,0,0,0,0,0,0,0,0,0,0,0,0,0,0,0,0,0,0,0,0,0,0,0,0,0,0,0,0,0,0,0,0,0,0,0,"ASV_1552","High-MH","None","Eukaryota",NA,NA,NA,NA,NA,NA
"ASV_1593","gctactaccgattgaatggcttagtgagacctccggattggctttggggagtcggcaacgacaccctattgctgagaagttggtcaaacttggtcatttagaggaagtaaaagtcgtaacaaggtttcc",0,0,0,0,0,0,0,0,0,0,0,0,0,0,0,0,0,0,0,0,0,0,0,0,0,0,0,0,0,0,0,0,0,0,0,0,0,0,0,0,0,0,0,0,0,0,0,0,0,0,0,0,71,0,0,0,0,0,0,0,0,0,0,"ASV_1593","High-MH","None","Eukaryota","Basidiomycota","Agaricomycetes",NA,NA,NA,NA
"ASV_161","acaccatgggagtgggttgcaaaagaagtaggtagcttaaccttcgggagggcgcttaccactttgtgattcatgactggggtgaagtcgtaacaaggtaacc",0,0,0,0,0,0,0,0,0,0,0,0,0,0,0,0,0,0,0,0,0,0,0,0,0,0,0,0,0,0,2,0,0,0,0,0,0,0,0,0,0,0,0,0,0,0,0,0,0,0,0,0,0,0,0,0,0,0,0,0,0,0,0,"ASV_161","High-MH","None","Bacteria","Pseudomonadota","Gammaproteobacteria","Enterobacterales",NA,NA,NA
"ASV_1731","gctactaccgattgaatggcttagtgaggcctccggatcgcgcctgcggagcgggaaaccgcaccacgggcttgagaagctggtcaaacttggtcatttagaggaagtaaaagtcgtaacaaggtttcc",0,0,0,0,0,0,87,0,0,0,0,0,0,0,0,0,0,0,0,0,0,0,0,0,0,0,0,0,0,0,0,0,0,0,0,0,0,0,0,0,0,0,0,0,0,0,0,0,0,0,0,0,0,0,0,0,0,0,0,0,0,0,0,"ASV_1731","High","156599","Eukaryota","Basidiomycota","Agaricomycetes","Trechisporales","Hydnodontaceae","Trechispora","Trechispora farinacea"
"ASV_19719","gctactaccgattgaatggtttagtgagacttttggattgtgattgatggactggcaacggactgtcatgtatcgagaagttagtcaaacttgatcatttagaggaagtaaaagtcgtaacaaggtttcc",0,0,0,0,0,0,0,0,0,0,0,0,0,0,0,0,0,0,0,0,0,0,0,0,0,0,0,0,0,0,0,0,0,0,0,0,0,0,0,0,0,0,0,0,0,0,0,0,0,0,0,53,0,0,0,0,0,0,0,0,0,0,0,"ASV_19719","High","76013","Eukaryota","Zoopagomycota","Entomophthoromycetes","Entomophthorales","Entomophthoraceae","Entomophthora","Entomophthora schizophorae"
"ASV_1997","gctactaccgattgaatggctcagtgaggccttcggactggctcgaggaggttggcaacgaccacctcaagccggaaagttcgtcaaactcggtcatttagaggaagtaaaagtcgtaacaaggtctcc",0,8,0,0,35,68,9,0,0,0,0,0,0,0,0,0,0,0,0,0,0,0,0,0,0,0,0,0,0,0,0,0,0,0,0,0,0,0,0,0,0,0,0,0,0,0,0,0,0,0,0,0,0,0,0,0,0,0,0,0,0,0,0,"ASV_1997","High-MH","None","Eukaryota",NA,NA,NA,NA,NA,NA
"ASV_19997","acaccatgggagtctattgcaccagaagtaggtagcctaacgaaagagggcgcttaccacggtgtggtcgatgactggggtgaagtcgtaacaaggtagcc",0,0,0,0,0,0,0,0,0,0,0,0,0,0,0,0,0,0,0,0,0,0,0,0,0,0,0,13,0,0,0,0,0,0,0,0,0,0,0,0,0,0,0,0,0,0,0,0,0,0,0,0,0,0,0,0,0,0,0,0,0,0,0,"ASV_19997","High-MH","None","Bacteria",NA,NA,NA,NA,NA,NA
"ASV_2","gcacctaccgattgaatggttcggtgaaactttcggaccgtggacaggacgccgcaaggcgacttgaccgtgggaagttatttaaacctcatcatttagaggaaggtgaagtcgtaacaaggtttcc",0,0,0,0,0,0,0,0,0,0,3,0,0,0,0,0,0,0,0,0,0,0,0,0,0,0,0,0,0,0,0,0,0,0,0,2,0,0,0,0,0,0,0,0,0,0,0,0,0,0,0,0,0,0,0,0,0,0,0,0,0,0,0,"ASV_2","Low","293199","Eukaryota","","Chrysophyceae","","","","Spumella-like flagellate JBM/S12"
"ASV_20473","gctactaccgattgaatggcttagtgaggcttcaggattggcttatggcgggaggcgactcctgcctggagccgagaatctagtcaaacttggtcatttagaggaagtaaaagtcgtaacaaggtttcc",0,0,0,0,0,0,0,0,0,0,0,0,3,0,0,0,0,0,0,0,0,0,0,0,0,0,0,0,0,0,0,0,0,0,0,0,0,0,0,0,0,0,0,0,0,0,0,0,0,0,0,0,0,0,0,0,0,0,0,0,0,0,0,"ASV_20473","High","4903","Eukaryota","Ascomycota","Saccharomycetes","Saccharomycetales","Phaffomycetaceae","Cyberlindnera","Cyberlindnera jadinii"
"ASV_21689","gctagtaccgattgaatggcttagtgaggtttcgggattgggatttcggatccagcaatggaactgatgtctcgagaacttgatcaaacttggtcatttagaggaactaaaagtcgtaacaaggtttcc",0,0,43,0,0,0,0,0,0,0,0,0,0,0,0,0,0,0,0,0,0,0,0,0,0,0,0,0,0,0,0,0,0,0,0,0,0,0,0,0,0,0,0,0,0,0,0,0,0,0,0,0,0,0,0,0,0,0,0,0,0,0,0,"ASV_21689","Low","1709941","Eukaryota","","","","","","fungal sp."
"ASV_2195","gctactaccgattgaatggcttagtgaggccttcgaattggcttagaggagccggcaacggcaccttttcgctgagaagttggtcaaacttggtcatttagaggaagtaaaagtcgtaacaaggtttcc",0,0,0,0,0,0,0,0,0,0,0,0,0,0,0,0,0,0,0,0,0,0,0,0,0,0,0,0,0,0,0,0,0,0,0,0,0,0,0,0,0,0,0,0,0,0,32,0,0,0,0,0,0,0,0,0,0,0,0,0,0,0,0,"ASV_2195","High","391070","Eukaryota","Basidiomycota","Agaricomycetes","Corticiales","Corticiaceae","Peniophorella","Peniophorella pubera"
"ASV_2263","gctactaccgattgaatggctcagtgaggccttcggactggcccagggaggtcggcaacgaccacccagggccggaaagttggtcaaactcggtcatttagaggaagtaaaagtcgtaacaaggtctcc",41,0,0,42,0,0,0,0,0,0,0,0,0,0,0,0,0,0,0,0,0,0,0,0,0,0,0,0,0,0,0,0,0,0,0,0,0,0,0,0,0,0,0,0,0,0,0,0,0,0,0,0,0,0,0,0,0,0,0,0,0,0,0,"ASV_2263","High-MH","None","Eukaryota",NA,NA,NA,NA,NA,NA
"ASV_2676","gctactaccgattgaatggcttagtgaggcctccggattggctattggaatcccgcgagggaatctaactgccgagaagttgtacgaacttggtcatttagaggaagtaaaagtcgtaacaaggtttcc",0,2,0,0,0,0,0,0,0,0,0,0,0,0,0,0,0,0,0,0,0,0,0,0,0,0,0,0,0,0,0,0,0,0,0,0,0,0,0,0,0,0,0,0,0,0,0,0,0,0,0,0,0,0,0,0,0,0,0,0,0,0,0,"ASV_2676","High-MH","None","Eukaryota","Basidiomycota","Microbotryomycetes","Sporidiobolales","Sporidiobolaceae","Sporobolomyces",NA
"ASV_2709","gctactaccgattgaatggcttagtgagatctccggattggctttgggaagctggcaacggctacctattgctgagaagctgatcaaacttggtcatttagaggaagtaaaagtcgtaacaaggtttcc",0,0,0,0,28,0,0,0,0,0,0,0,0,0,0,0,0,0,0,0,0,0,0,0,0,0,0,0,0,0,0,0,0,0,0,0,0,0,0,0,0,0,0,0,0,0,0,0,0,0,0,0,0,0,0,0,0,0,0,0,0,0,0,"ASV_2709","High-MH","None","Eukaryota",NA,NA,NA,NA,NA,NA
"ASV_2883","gctactaccgattgaatggcttggtgaggccttcggactggctcaggagggttggcaacgaccccccagagccggaaagttggtcaaacctggtcatttagaggaagtaaaagtcgtaacaaggtttcc",0,0,0,24,0,0,0,0,0,0,0,0,0,0,0,0,0,0,0,0,0,0,0,0,0,0,0,0,0,0,0,0,0,0,22,0,0,0,0,64,0,0,0,0,0,0,0,0,0,0,0,0,0,0,0,0,0,0,0,0,0,0,0,"ASV_2883","High","5066","Eukaryota","Ascomycota","Eurotiomycetes","Eurotiales","Aspergillaceae","Aspergillus","Aspergillus wentii"
"ASV_32","acaccatgggagttggttctacccgaaggtagtgcgctaacctcgcaagaggaggcagctaaccacggtagggtcagcgactggggtgaagtcgtaacaaggtagcc",0,0,2,0,0,0,0,0,0,0,0,0,0,0,0,0,0,0,0,0,0,0,0,2,0,0,0,8,0,0,0,0,0,0,0,0,0,0,0,0,0,0,0,0,0,0,0,0,0,2,0,0,0,0,0,0,0,0,0,0,0,0,0,"ASV_32","Low","2920428","Bacteria","Pseudomonadota","Alphaproteobacteria","Hyphomicrobiales","Aurantimonadaceae","Aurantimonas","Aurantimonas marianensis"
"ASV_3258","gctactaccgattgaatggcttagtgaggtcttgggattggcgtcgaggagccggcaacggcaccttgttgctgagaacttgatcaaacttggtcatttagaggaagtaaaagtcgtaacaaggtttcc",0,0,0,0,0,0,0,0,0,0,0,0,0,0,0,0,0,0,0,0,0,0,0,0,0,0,0,0,0,0,0,0,0,0,0,0,0,0,0,0,0,0,43,0,0,0,0,0,0,0,0,0,0,0,0,0,0,0,0,0,0,0,0,"ASV_3258","High-MH","None","Eukaryota","Basidiomycota","Agaricomycetes",NA,NA,NA,NA
"ASV_3293","gctactaccgattgaatggcttagtgaggtctccggattggcttcgaacagccggcaacggtcgctcttagctgagaagctgatcaaacttggtcatttagaggaagtaaaagtcgtaacaaggtttcc",0,0,0,0,0,0,0,0,0,0,0,0,0,0,0,0,0,0,0,0,0,0,0,0,0,0,0,0,0,0,0,0,0,0,0,0,0,0,0,0,0,0,0,0,0,0,0,57,0,35,0,0,0,0,0,0,0,0,0,0,0,0,0,"ASV_3293","High-MH","None","Eukaryota",NA,NA,NA,NA,NA,NA
"ASV_3327","gctactaccgattgaatggctcggtgaggccttcggactggcgcaggagggttggcaacgacccccccgcgccggaaagttggtcaaacccggtcatttagaggaagtaaaagtcgtaacaaggtttcc",0,0,0,0,0,0,0,0,0,0,0,0,0,0,0,0,0,0,0,0,0,0,0,0,0,0,0,0,0,0,0,0,0,0,0,0,0,0,0,0,0,0,0,0,0,0,0,59,0,0,0,0,0,0,0,0,0,0,0,0,0,0,0,"ASV_3327","High-MH","None","Eukaryota","Ascomycota","Eurotiomycetes","Eurotiales",NA,NA,NA
"ASV_3591","gctcctaccgattgaatgatccggtgaagtgttcggattgcgtcgacgatggcggttcgccgccgtcgacgtcgtgagaagttcattgaaccttatcatttagaggaaggagaagtcgtaacaaggttacc",0,0,0,0,0,0,0,0,0,0,0,42,0,0,0,0,0,0,0,0,0,0,0,0,0,0,0,0,0,0,0,0,0,0,0,0,0,0,0,0,0,0,0,0,0,0,0,0,0,0,0,0,0,0,0,0,0,0,0,0,0,0,0,"ASV_3591","High-MH","None","Eukaryota","Streptophyta","Pinopsida","Pinales","Pinaceae","Pinus",NA
"ASV_363","gctactaccgattgaatggcttagtgaggtcttgggattggcttcggggagccggcaacggcaccctgttgctgagaacttgatcaaacttggtcatttagaggaagtaaaagtcgtaacaaggtttcc",0,0,0,3,0,0,0,0,0,0,0,0,0,0,0,0,0,0,0,0,0,0,0,0,0,0,0,0,0,0,0,0,0,0,0,0,0,0,0,0,0,0,58,0,0,0,23,0,0,0,0,0,0,0,0,0,0,0,0,0,0,0,0,"ASV_363","High-MH","None","Eukaryota","Basidiomycota",NA,NA,NA,NA,NA
"ASV_365","gctactaccgattgaatggcttagtgagacctccggattggcttcggggagccggcaacggcaccctgtcgctgagaagctggtcaaacttggtcatttagaggaagtaaaagtcgtaacaaggtttcc",0,0,0,0,0,0,0,0,0,0,0,0,0,0,0,0,0,0,0,0,0,0,0,0,0,0,0,0,0,0,0,0,0,0,0,0,0,77,0,0,0,0,0,0,0,0,0,0,0,41,0,0,0,0,0,0,0,0,0,0,0,0,0,"ASV_365","High-MH","None","Eukaryota","Basidiomycota","Agaricomycetes",NA,NA,NA,NA
"ASV_4","acaccatgggagttgatttcgcccgaaattgggaagctaaccttcgggaggctaccacttacggcggaattagcgactggggtgaagtcgtaacaaggtaacc",0,0,0,0,0,0,0,0,0,0,0,0,0,0,0,0,0,0,0,0,0,0,0,0,0,0,0,0,0,0,0,0,0,0,0,0,0,0,0,0,0,2,0,0,0,0,0,0,0,0,0,0,0,0,0,0,0,0,0,0,0,0,0,"ASV_4","High","34036","Bacteria","Campylobacterota","","","","","unidentified epsilon proteobacterium"
"ASV_402","gctactaccgattgaatggcttagtgaggcctccggattggctttgaggagccggcaacggcaccttatcgctgagaagctggtcaaacttggtcatttagaggaagtaaaagtcgtaacaaggtttcc",0,0,0,0,0,0,0,0,0,0,0,0,0,0,0,0,0,0,0,0,0,0,0,0,0,0,0,0,0,106,0,0,0,0,0,0,0,0,113,0,0,0,0,0,0,92,34,0,0,0,0,128,0,0,0,0,0,0,0,0,0,0,0,"ASV_402","High-MH","None","Eukaryota","Basidiomycota","Agaricomycetes","Hymenochaetales","","Resinicium",NA
"ASV_4151","gctactaccgattgaatggcttagtgaggcctccggattggcgtaagggagccggcaacggcacccttttgctgagaagctggtcaaacttggtcatttagaggaagtaaaagtcgtaacaaggtttcc",0,0,0,0,0,0,0,0,0,0,0,0,0,0,0,0,0,0,0,0,0,0,0,0,0,0,0,0,0,0,0,0,0,0,0,0,0,0,0,0,0,0,0,0,0,0,0,37,0,0,0,0,0,0,0,0,0,0,0,0,0,0,0,"ASV_4151","Low","1651791","Eukaryota","Basidiomycota","Tremellomycetes","Tremellales","Bulleribasidiaceae","Hannaella","Hannaella pagnoccae"
"ASV_4198","gctactaccgattgaatggcttagtgaggtctccgaattggctttggggagccggcaacggcaccttgttgctgagaagctgatcaaacttggtcatttagaggaagtaaaagtcgtaacaaggtttcc",0,0,0,0,17,0,0,0,0,0,0,0,0,0,0,0,0,0,0,0,0,0,0,0,0,0,0,0,0,0,0,0,0,0,0,0,0,0,0,0,0,0,0,0,0,0,0,0,0,0,0,0,0,0,0,0,0,0,0,0,0,0,0,"ASV_4198","Low","71933","Eukaryota","Basidiomycota","Agaricomycetes","Agaricales","Amanitaceae","Amanita","Amanita rubescens"
"ASV_4573","gctactaccgattgaattatttagtgaggtctccggacgtgatcactgtgacgccttgcgtgttacggttgtttcgcaaaagttgaccgaacttgattatttagaggaagtaaaagtcgtaacaaggtttcc",0,0,0,0,0,0,0,0,0,0,0,13,0,0,0,0,0,0,0,0,0,0,0,0,0,0,0,0,0,0,0,0,0,0,0,0,0,0,0,0,0,0,0,0,0,0,0,0,0,0,0,0,0,0,0,0,0,0,0,0,0,0,0,"ASV_4573","High-MH","None","Eukaryota","Arthropoda","Insecta","Diptera","Drosophilidae","Drosophila",NA
"ASV_4598","acaccatgggagttggttttacctgaagacggtgcgctaacccgcaagggaggcagccggccacggtagggtcagcgactggggtgaagtcgtaacaaggtagcc",0,0,0,0,0,0,0,0,0,0,0,0,0,0,0,0,0,0,0,0,0,0,0,0,0,0,0,0,0,5,0,0,0,0,0,0,0,0,0,0,0,0,0,0,0,0,0,0,0,0,0,0,0,0,0,0,0,0,0,0,0,0,0,"ASV_4598","High-MH","None","Bacteria","Pseudomonadota","Alphaproteobacteria","Hyphomicrobiales",NA,NA,NA
"ASV_4735","gctactaccgattgagtggcttagtgaggtctccggattggcttcgggaagccggcaacggcatcctgttgctgagaagttgatcaaacttggtcacttagaggaagtaaaagtcgtaacaaggtttcc",0,0,0,0,0,0,0,0,0,0,0,0,0,0,0,0,0,0,0,0,0,0,0,0,0,0,0,0,0,0,0,0,0,0,0,0,0,0,0,0,0,0,0,0,0,0,68,0,0,0,49,71,0,0,0,0,0,0,0,0,0,0,0,"ASV_4735","Low","230824","Eukaryota","Basidiomycota","Agaricomycetes","Agaricales","Psathyrellaceae","Psathyrella","Psathyrella spadicea"
"ASV_506","gctactaccgattggatggtttagtgaggccctcggatcggccccgccggggtcggcccacggccctggcggagcgctgagaagacggtcgaacttgactatctagaggaagtaaaagtcgtaacaaggtttcc",117,0,0,0,0,0,0,0,0,0,0,24,0,0,0,0,0,0,0,0,0,0,0,0,21,0,0,0,0,0,0,0,0,74,0,0,0,0,0,0,0,0,0,0,0,0,0,0,0,0,0,0,0,0,0,0,0,0,0,0,0,0,0,"ASV_506","High-MH","None","Can't find taxa in database","Can't find taxa in database","Can't find taxa in database","Can't find taxa in database","Can't find taxa in database","Can't find taxa in database","Can't find taxa in database"
"ASV_5868","gctactaccgattgaatggcttagtgaggtctccggattggcttcggggagccggcgacggcatcctgttgctgagaagctgatcaaacttggtcatttagaggaagtaaaagtcgtaacaaggtttcc",0,0,0,0,0,0,0,0,0,0,0,0,0,0,0,0,0,0,0,0,0,0,0,0,0,0,0,0,0,0,0,0,0,0,0,0,0,0,0,0,0,0,0,0,0,0,0,0,0,0,38,0,0,0,0,0,0,0,0,0,0,0,0,"ASV_5868","High-MH","None","Eukaryota","Basidiomycota","Agaricomycetes",NA,NA,NA,NA
"ASV_6079","gctactaccgattgaatggttaagtgaggctttcggactggcccaggtcgggtggcaacacctaactagggccggaaagttgtccaaacttggtcatttagaggaagtaaaagtcgtaacaaggtttcc",0,0,0,0,0,0,0,0,0,0,0,0,0,0,0,0,0,0,0,0,0,0,0,0,0,0,0,0,0,0,0,0,0,0,0,31,4,0,0,0,0,0,0,0,0,0,0,0,0,0,0,0,0,0,0,0,0,0,0,0,0,0,0,"ASV_6079","Low","253101","Eukaryota","Ascomycota","Leotiomycetes","Helotiales","Helotiaceae","Hymenoscyphus","Hymenoscyphus scutula"
"ASV_6379","gctactaccgattgaacggttaggtgaggactttggaggcttctagtcgatgggtcaaacctttgacatggagctgaaattgtccaaatctggtcgtttagaggaagtaaaagtcgtaacaaggtctcc",0,0,0,0,0,0,0,0,0,0,0,0,0,0,0,0,0,0,0,0,0,0,0,0,0,35,0,0,0,0,0,0,0,0,0,0,0,0,0,0,0,0,0,0,0,0,0,0,0,0,0,0,0,0,0,0,0,0,0,0,0,0,0,"ASV_6379","None","None",NA,NA,NA,NA,NA,NA,NA
"ASV_6544","gctactaccgattgaatggctcagtgaggcctccggactggctcggagaggttggcaacgaccactccgagccggaaagttcgtcaaactcggtcatttagaggaagtaaaagtcgtaacaaggtttcc",0,0,0,0,0,0,0,0,0,0,0,0,0,0,0,0,0,0,0,0,0,0,0,0,0,0,0,0,0,0,0,0,137,98,15,0,0,45,0,0,0,0,0,0,0,0,0,0,0,0,0,0,0,0,0,0,0,0,0,0,0,0,0,"ASV_6544","High-MH","None","Eukaryota",NA,NA,NA,NA,NA,NA
"ASV_666","gctactaccgattgaatggcttagtgaggtctccggattggcgtcgaggatccggcgacggaacctctttgctgagaagctgatcaaacttggtcatttagaggaagtaaaagtcgtaacaaggtttcc",0,0,0,0,0,0,0,0,0,0,0,0,0,0,0,0,0,0,0,0,0,0,0,0,0,0,0,0,0,0,0,0,0,0,0,0,0,0,0,0,0,0,0,0,0,0,0,0,44,0,0,0,0,0,0,0,0,0,0,0,0,0,0,"ASV_666","High-MH","None","Eukaryota","Basidiomycota","Agaricomycetes","Cantharellales","Botryobasidiaceae","Botryobasidium",NA
"ASV_6701","gctactaccgattgaatggctaagtgaggcctttggaccggcccagagagggtggcaacacccactcagggctggaaaatcgtacaaacttggtcatttagaggaagtaaaagtcgtaacaaggtttcc",0,0,0,0,0,0,115,0,0,0,0,0,0,0,0,0,0,0,0,0,0,0,0,0,0,0,0,0,0,0,0,0,0,0,0,0,0,0,0,0,0,0,0,0,0,0,0,0,0,0,0,0,0,0,0,0,0,0,0,0,0,0,0,"ASV_6701","High-MH","None","Eukaryota","Ascomycota",NA,NA,NA,NA,NA
"ASV_788","gctactaccgattgaatggcttagtgaggtctccggattggctttggggagccggcaacggcaccctattgctgagaagctgatcaaacttggtcatttagaggaagtaaaagtcgtaacaaggtttcc",0,0,0,0,0,0,118,0,0,0,0,0,0,0,0,0,0,0,0,0,0,0,0,0,0,0,0,0,0,0,0,0,0,0,0,0,0,0,0,0,0,0,0,0,0,34,0,0,0,0,0,0,0,0,0,0,0,0,0,0,0,0,0,"ASV_788","High-MH","None","Eukaryota",NA,NA,NA,NA,NA,NA
"ASV_8110","gctactaccgattgagtgtgttagtgagacctttggattggcttaggggagccggcaacggcacctcttcgctgagaagttggtcaaacttgtgcatttagaggaagtaaaagtcgtaacaaggtttcc",0,0,0,0,0,0,0,0,0,0,0,0,0,0,0,0,0,0,0,0,0,0,0,0,0,0,0,0,0,0,0,0,0,0,0,0,0,0,0,0,0,0,0,0,0,80,0,0,0,0,0,0,0,0,0,0,0,0,0,0,0,0,0,"ASV_8110","Low","2878106","Eukaryota","Basidiomycota","Agaricomycetes","Corticiales","Corticiaceae","Lyomyces","Lyomyces griseliniae"
"ASV_8197","gcttcaaccgattgaatgatccggcgaattccatggacgtgataaatggattattatcctgctgtcctgaaaatggcgcgagccttgtcatttagaggatgaagaagtcgtaacacggtatcc",0,0,0,45,0,0,0,0,0,0,0,0,0,0,0,0,0,0,0,0,0,0,0,0,0,0,0,0,0,0,0,0,0,0,0,0,0,0,0,0,0,0,0,0,0,0,0,0,0,0,0,0,0,0,0,0,0,0,0,0,0,0,0,"ASV_8197","Low","2018055","Eukaryota","Apicomplexa","Conoidasida","Eugregarinorida","Enterocystidae","Enterocystis","Enterocystis dorypterygis"
"ASV_8474","gctagtaccgattgaatggcttagtgaggcctcaggatctgcttagagaagggggcaactccatctcagagcggagaatttggacaaacttggtcatttagaggaactaaaagtcgtaacaaggtttcc",0,0,0,0,0,0,0,0,0,0,96,0,0,0,0,0,0,0,0,0,0,0,0,0,0,0,0,0,0,0,0,0,0,0,0,0,0,0,0,0,0,0,0,0,0,0,0,0,0,0,0,0,0,0,0,0,0,0,0,0,0,0,0,"ASV_8474","High-MH","None","Can't find taxa in database","Can't find taxa in database","Can't find taxa in database","Can't find taxa in database","Can't find taxa in database","Can't find taxa in database","Can't find taxa in database"
"ASV_860","gctactaccgattgaatggcttagtgaggcctccggatcggcgttgaggagccggcaacggcaccgcgatgctgagaagctggtcaaacttggtcatttagaggaagtaaaagtcgtaacaaggtttcc",0,0,0,0,0,0,0,0,0,0,0,0,0,0,0,0,0,0,0,0,0,0,0,0,0,0,0,0,0,0,0,0,44,0,0,0,0,39,0,0,0,0,0,0,0,0,0,75,0,0,0,0,0,0,0,0,0,0,0,0,0,0,0,"ASV_860","High","139155","Eukaryota","Basidiomycota","Agaricomycetes","Hymenochaetales","Schizoporaceae","Hyphodontia","Hyphodontia pallidula"
"ASV_8666","gctactaccgattgaatggcttagtgaggtcttgggattggctttgtggagccggcaacggcaccgtatcgctgagaacttgatcaaacttggtcatttagaggaagtaaaagtcgtaacaaggtttcc",0,0,0,0,0,0,0,0,0,0,0,0,0,0,0,0,0,0,0,0,0,0,0,0,0,0,0,0,0,0,0,0,0,0,0,0,58,0,0,0,0,0,0,0,0,0,0,0,0,0,0,0,0,0,0,0,0,0,0,0,0,0,0,"ASV_8666","High","228943","Eukaryota","Basidiomycota","Agaricomycetes","Corticiales","Corticiaceae","Limonomyces","Limonomyces roseipellis"
"ASV_8727","gctactaccgattgaatggcttagtgaggtctccgaattggcgatggggagccggcaacggcaccttgttgttgagaagctgatcaaacttggtcatttagaggaagtaaaagtcgtaacaaggtttcc",0,0,0,0,0,0,0,0,0,0,0,0,0,0,0,0,0,0,0,0,0,0,0,0,0,0,0,0,0,0,0,0,86,0,0,0,0,0,0,0,0,0,0,0,0,0,0,0,0,0,0,0,0,0,0,0,0,0,0,0,0,0,0,"ASV_8727","High","2074862","Eukaryota","Basidiomycota","Agaricomycetes","Agaricales","Omphalotaceae","Rhodocollybia","Rhodocollybia maculata"
"ASV_923","acaccatgggagtgggttgctccagaagtagctagtctaaccgcaagggggacggttaccacggagtgattcatgactggggtgaagtcgtaacaaggtagcc",0,2,0,0,0,0,0,0,0,0,0,0,0,0,0,0,0,0,0,0,0,0,0,0,0,0,0,0,0,0,0,0,0,0,0,0,0,0,0,0,5,18,0,0,0,0,0,0,0,0,0,0,0,0,0,0,0,0,0,0,0,0,0,"ASV_923","High-MH","None","Bacteria","Pseudomonadota","Gammaproteobacteria",NA,NA,NA,NA
"ASV_9871","gctcctaccgattgaatggtccggtgaagtgttcggatcgcggcgacgtgggcggttcgctgcctgcgacgtcgcgagaagtccactgaaccttatcatttagaggaaggagaagtcgtaacaaggtttcc",0,0,0,0,0,0,0,0,0,0,0,0,0,0,0,0,0,0,0,0,0,0,0,0,0,0,0,0,0,0,0,87,0,0,0,0,0,0,0,0,0,0,0,0,0,0,0,0,0,0,0,0,0,0,0,0,0,0,0,0,0,0,0,"ASV_9871","High-MH","None","Can't find taxa in database","Can't find taxa in database","Can't find taxa in database","Can't find taxa in database","Can't find taxa in database","Can't find taxa in database","Can't find taxa in database"
"ASV_993","gcttcaaccgattgaatgatccggcgaattccatggacgtgacaaatggattattgtcctgctgtcctgaaaatggcgcgagccttgtcatttagaggatgaagaagtcgtaacacggtatcc",152,36,34,37,95,93,240,0,0,0,0,0,0,0,0,0,0,0,0,0,0,0,0,0,0,0,0,0,0,0,0,0,0,0,0,0,0,0,0,0,0,0,0,0,0,0,0,0,0,0,0,0,0,0,0,0,0,0,0,0,0,0,0,"ASV_993","High","2018055","Eukaryota","Apicomplexa","Conoidasida","Eugregarinorida","Enterocystidae","Enterocystis","Enterocystis dorypterygis"
