"","unlist(B05.EUK.asv)[match(rownames(B05.EUK.neg.1), names(unlist(B05.EUK.asv)))]","EUK.B1.1.1.1","EUK.B1.3.1.3","EUK.B1.4.1.4","EUK.B1.5.1.5","EUK.B1.6.1.6","EUK.B1.7.1.7","EUK.B1.8.1.8","EUK.B2.1.1.1","EUK.B2.2.1.2","EUK.B2.3.1.3","EUK.B2.4.1.4","EUK.B2.5.1.5","EUK.B2.6.1.6","EUK.B2.7.1.7","EUK.B2.8.1.8","EUK.B3.1.2.1","EUK.B3.2.2.2","EUK.B3.3.2.3","EUK.B3.4.2.4","EUK.B3.5.2.5","EUK.B3.6.2.6","EUK.B3.7.2.7","EUK.B3.8.2.8","EUK.B4.1.2.1","EUK.B4.2.2.2","EUK.B4.3.2.3","EUK.B4.4.2.4","EUK.B4.5.2.5","EUK.B4.6.2.6","EUK.B4.7.2.7","EUK.B4.8.2.8","EUK.B5.1.2.1","EUK.B5.2.2.2","EUK.B5.3.2.3","EUK.B5.4.2.4","EUK.B5.5.2.5","EUK.B5.7.2.7","EUK.B5.8.2.8","EUK.B6.1.3.1","EUK.B6.2.3.2","EUK.B6.3.3.3","EUK.B6.4.3.4","EUK.B6.5.3.5","EUK.B6.6.3.6","EUK.B6.7.3.7","EUK.B6.8.3.8","EUK.B7.1.3.1","EUK.B7.2.3.2","EUK.B7.3.3.3","EUK.B7.4.3.4","EUK.B7.5.3.5","EUK.B7.6.3.6","EUK.B7.7.3.7","EUK.B7.8.3.8","EUK.B8.1.3.1","EUK.B8.2.3.2","EUK.B8.3.3.3","EUK.B8.4.3.4","EUK.B8.5.3.5","EUK.B8.6.3.6","EUK.B8.7.3.7","EUK.B8.8.3.8","EUK.Neg1.1.1.1","EUK.Neg1.1.2.1","EUK.Neg1.1.3.1","EUK.Neg1.2.1.2","EUK.Neg1.2.2.2","EUK.Neg1.2.3.2","EUK.Neg1.3.1.3","EUK.Neg1.3.2.3","EUK.Neg1.3.3.3","EUK.Neg1.4.1.4","EUK.Neg1.4.2.4","EUK.Neg1.5.1.5","EUK.Neg1.5.2.5","EUK.Neg1.5.3.5","EUK.Neg1.6.1.6","EUK.Neg1.6.2.6","EUK.Neg1.6.3.6","EUK.Neg1.7.1.7","EUK.Neg1.7.2.7","EUK.Neg1.7.3.7","EUK.Neg1.8.2.8","EUK.Neg1.8.3.8","EUK.Neg2.1.2.1","EUK.Neg2.1.3.1","EUK.Neg2.2.2.2","EUK.Neg2.2.3.2","EUK.Neg2.3.1.3","EUK.Neg2.3.2.3","EUK.Neg2.3.3.3","EUK.Neg2.4.1.4","EUK.Neg2.4.2.4","EUK.Neg2.4.3.4","EUK.Neg2.5.1.5","EUK.Neg2.5.2.5","EUK.Neg2.5.3.5","EUK.Neg2.6.1.6","EUK.Neg2.6.2.6","EUK.Neg2.6.3.6","EUK.Neg2.7.1.7","EUK.Neg2.7.2.7","EUK.Neg2.7.3.7","EUK.Neg2.8.2.8","EUK.Neg2.8.3.8","EUK.Neg3.1.3.1","EUK.Neg3.2.1.2","EUK.Neg3.2.3.2","EUK.Neg3.3.1.3","EUK.Neg3.4.1.4","EUK.Neg3.4.3.4","EUK.Neg3.5.1.5","EUK.Neg3.5.3.5","EUK.Neg3.6.1.6","EUK.Neg3.6.3.6","EUK.Neg3.7.3.7","EUK.Neg3.8.1.8","EUK.Neg3.8.3.8","EUK.B1.2.1.2","EUK.B5.6.2.6","EUK.Neg1.8.1.8","EUK.Neg2.1.1.1","EUK.Neg2.2.1.2","EUK.Neg2.8.1.8","EUK.Neg3.3.3.3","EUK.Neg3.7.1.7","OTU","assignmentQual","taxID","superkingdom","phylum","class","order","family","genus","species"
"ASV_1","gcacctaccgattgagtggtccggtgaaccctcgagattgtgattaatttcttttattagaatttgattgtgagaacttgtgtaaaccttatcacttagaggaaggtgaagtcgtaacaaggtttcc",0,0,20,2,10,4,2,3,0,3,33,5,0,2,2,0,4,0,5,12,0,5,6,0,2,2,5,5,5,16,216,109,6,3,6,26,0,2,0,4,0,2,9,8,4,0,7,7,0,0,3,3,3,0,4,8,2,0,9,5,0,2,5,2,0,0,3,3,0,3,3,8,0,2,262,2,6,4,9,7,0,9,4,2,2,2,3,4,2,0,0,9,3,4,3,9,7,3,3,5,0,0,0,6,0,2,0,2,0,19,2,4,0,8,5,0,0,0,0,2,0,0,0,0,0,0,"ASV_1","High","1497510","Eukaryota","Bacillariophyta","Coscinodiscophyceae","Chaetocerotales","Chaetocerotaceae","Chaetoceros","Chaetoceros gelidus"
"ASV_10886","gctactaccgattgaatggcttagtgagcccttgggagtggtctaattgagctggtaacggcacaattggactgtaaacttgggcaaacttggtcatttagaggaagtaaaagtcgtaacaaggtttcc",0,0,0,0,0,0,0,0,0,0,0,0,0,0,0,0,0,0,0,0,0,0,0,0,0,0,0,0,0,0,0,0,0,0,0,0,0,0,0,0,0,0,0,0,0,0,0,0,0,0,0,0,168,0,0,0,0,0,0,0,0,0,0,0,0,0,0,0,0,0,0,0,0,0,0,0,0,0,0,0,0,0,0,0,0,0,0,0,0,0,0,0,0,0,0,0,0,0,0,0,0,0,0,0,0,0,0,0,0,0,0,0,0,0,0,0,0,0,0,0,0,0,0,0,0,0,"ASV_10886","Low","1299270","Eukaryota","Basidiomycota","Wallemiomycetes","Wallemiales","Wallemiaceae","Wallemia","Wallemia ichthyophaga"
"ASV_11360","acaccatgggagttgggttcacccgaaggcgttgcgctaactcgcaagagaggcaggcgaccacggtgggcttagcgactggggtgaagtcgtaacaaggtagcc",0,0,0,0,0,0,0,0,0,0,0,0,0,0,0,0,0,0,0,0,0,0,0,0,0,0,0,0,0,0,0,0,0,0,0,0,0,0,0,0,0,0,0,0,0,0,0,0,0,0,0,0,0,0,0,0,0,0,0,0,0,0,0,0,0,0,0,0,0,0,0,0,0,0,0,0,0,0,0,0,0,0,0,0,0,0,0,0,0,0,0,0,0,0,0,0,0,0,0,0,0,0,0,0,0,0,0,0,0,0,0,0,0,0,0,0,0,0,0,0,0,0,2,0,0,0,"ASV_11360","High-MH","None","Bacteria",NA,NA,NA,NA,NA,NA
"ASV_11631","gctactaccgattgaatggctcagtgaggccttcggactggctcaggggggttggcaacgatcgcccagagccggaaagttggtcaaacttggtcatttagaggaagtaaaagtcgtaacaaggtttcc",0,0,0,0,0,0,0,0,0,0,0,0,0,0,0,0,0,0,0,0,0,0,0,0,0,33,0,0,0,31,0,0,0,0,0,0,0,0,0,0,0,0,0,0,0,0,0,0,0,0,0,0,0,0,0,0,0,0,0,0,0,0,0,0,0,0,0,0,0,0,0,0,0,0,0,0,0,0,0,0,0,0,0,0,0,0,0,0,0,0,0,0,0,0,0,0,0,0,0,0,0,0,0,0,0,0,0,0,0,0,0,0,0,0,0,0,0,0,0,0,0,0,0,0,0,0,"ASV_11631","High-MH","None","Eukaryota",NA,NA,NA,NA,NA,NA
"ASV_1182","gctactaccgattgaatggcttggtgaggccttcggactggctccagggggttggcaacgaccccccagagccggaaagttggtcaaacctggtcatttagaggaagtaaaagtcgtaacaaggtttcc",0,0,0,0,0,0,0,0,0,0,0,0,0,0,0,0,0,0,0,0,0,0,0,0,0,0,0,0,0,0,0,0,0,0,0,0,0,0,0,0,0,0,0,0,0,0,0,0,0,0,0,0,0,0,0,0,0,0,139,0,0,0,0,0,0,0,0,0,0,0,0,0,0,0,0,0,0,0,0,0,0,0,0,0,0,0,0,0,0,0,0,0,0,0,0,0,0,0,0,0,0,0,0,0,0,0,0,0,0,0,0,0,0,0,0,0,0,0,0,0,0,0,0,0,0,0,"ASV_1182","High-MH","None","Eukaryota",NA,NA,NA,NA,NA,NA
"ASV_13","aaaccaaccgagttatgaaggggtgaagccctttttgggaagaaccttttcacgacaaggtaggttaagtcgtcacaaggtatct",0,0,3,0,0,0,0,0,0,0,0,0,0,0,0,0,0,0,0,0,0,0,0,0,0,0,0,0,0,0,0,0,0,0,0,0,0,0,0,0,0,0,0,0,0,0,0,0,0,0,0,0,0,0,0,0,0,0,0,0,0,0,0,0,0,0,0,0,0,0,0,0,0,0,0,0,0,0,0,0,0,2,0,0,0,0,0,0,0,0,0,0,0,0,0,0,0,0,0,0,0,0,0,0,0,0,0,0,0,0,0,0,0,0,0,0,0,0,0,0,0,0,0,0,0,0,"ASV_13","None","None",NA,NA,NA,NA,NA,NA,NA
"ASV_14","acaccatgggagttggttctacccgaaggtagtgcgctaacctcgcaagaggaggcagctaaccacggtagggtcagcgactggggtgaagtcgtaacaaggtagcc",0,0,0,0,0,0,0,0,0,0,0,0,0,0,0,0,0,0,0,0,0,0,0,0,0,0,0,0,0,0,14,0,0,0,0,0,0,0,0,0,0,0,0,0,0,0,0,0,0,0,0,0,0,0,0,0,0,0,0,0,0,0,0,0,0,0,0,0,0,0,0,0,0,0,0,0,0,0,0,0,0,0,0,0,0,0,0,0,0,0,0,0,0,0,0,0,0,0,0,0,0,0,0,0,0,0,0,0,0,0,0,0,0,0,0,0,0,0,0,0,0,0,0,0,0,0,"ASV_14","Low","2920428","Bacteria","Pseudomonadota","Alphaproteobacteria","Hyphomicrobiales","Aurantimonadaceae","Aurantimonas","Aurantimonas marianensis"
"ASV_1414","gctactaccgattgaatggctcagtgaggctttgggactggctcaggagggttggcaacgaccccccagagccggaaacttagtcaaactcggtcatttagaggaagtaaaagtcgtaacaaggtttcc",0,0,0,0,0,0,0,0,0,0,0,0,0,0,0,0,0,0,0,0,0,0,0,0,0,0,0,0,0,0,0,0,0,0,0,0,0,0,0,0,0,0,0,0,0,0,0,0,78,0,0,0,0,0,0,0,0,0,0,0,0,0,0,0,0,0,0,0,0,0,0,0,0,0,0,0,0,0,0,0,0,0,0,0,0,0,0,0,0,0,0,0,0,0,0,0,0,0,0,0,0,0,0,0,0,0,0,0,0,0,0,0,0,0,0,0,0,0,0,0,0,0,0,0,0,0,"ASV_1414","High-MH","None","Eukaryota",NA,NA,NA,NA,NA,NA
"ASV_145","acaccatgggagttggttttacccgaagatagtgcgctaaccgcaaggaagcagctagccacggtaaggtcagcgactggggtgaagtcgtaacaaggtagcc",0,0,0,0,0,0,0,0,0,0,0,0,0,0,0,0,0,0,0,0,0,0,0,0,0,0,0,0,0,0,0,0,0,0,0,0,0,0,0,0,0,0,0,0,0,12,0,0,0,0,0,0,0,0,0,0,0,0,0,0,0,0,0,0,0,0,0,0,0,0,0,0,0,0,0,0,0,0,0,0,0,0,0,0,0,0,0,0,0,0,0,0,0,0,0,0,0,0,0,0,0,0,0,0,0,0,0,0,0,0,0,0,0,0,0,0,0,0,0,0,0,0,0,0,0,0,"ASV_145","Low","359","Bacteria","Pseudomonadota","Alphaproteobacteria","Hyphomicrobiales","Rhizobiaceae","Rhizobium","Rhizobium rhizogenes"
"ASV_14644","gctactaccgattgaatggcttagtgaggcttcaggattggcttatggcgggaggcgactcctgcctggagccgagaatctagtcaaacttggtcatttagaggaagtaaaagtcgtaacaaggtttcc",0,0,0,0,0,0,0,0,0,0,0,0,0,0,0,0,0,0,0,0,6,0,0,0,0,0,0,0,0,0,39,0,0,0,0,0,0,0,0,0,0,0,0,49,0,0,0,0,0,0,0,0,0,0,0,0,0,0,0,0,0,0,0,0,0,0,0,0,0,0,0,0,0,0,0,0,0,0,0,0,0,0,0,0,0,0,0,0,0,0,0,0,0,0,0,0,0,0,0,0,0,0,0,0,0,0,0,0,0,0,0,0,0,0,0,0,0,0,0,0,0,0,0,0,0,0,"ASV_14644","High","4903","Eukaryota","Ascomycota","Saccharomycetes","Saccharomycetales","Phaffomycetaceae","Cyberlindnera","Cyberlindnera jadinii"
"ASV_15","gctactaccgattgaatggtttagtgaggactcctgattggcgccgccgccccggcaacggagcagcggactgccgaaaagttgttcaaacttgatcatttagaggaagtaaaagtcgtaacaaggtttcc",0,0,0,0,0,0,0,0,0,0,0,0,0,0,0,0,0,0,0,0,0,0,0,0,0,0,0,0,0,0,0,0,0,0,0,0,0,0,0,0,0,2,0,0,0,0,0,0,0,0,0,0,0,0,0,0,0,0,0,0,0,0,0,0,0,0,0,0,0,0,0,0,0,0,0,0,0,0,0,0,0,0,0,0,0,0,0,0,0,0,0,2,0,0,0,0,0,0,0,0,0,0,0,0,0,0,0,0,0,0,0,0,0,0,0,0,0,0,0,0,0,0,0,0,0,0,"ASV_15","High-MH","None","Eukaryota",NA,NA,NA,NA,NA,NA
"ASV_153","acaccatgggagtgggttgctccagaagtagctagtctaaccttcgggaggacggttaccacggagtgattcatgactggggtgaagtcgtaacaaggtagcc",0,0,0,0,0,0,0,0,0,0,0,0,0,0,0,0,0,0,0,0,0,0,0,0,0,0,0,0,0,0,0,0,0,0,0,0,0,0,0,0,0,0,0,0,0,0,0,0,0,0,0,0,0,0,0,0,0,0,0,0,0,0,0,0,0,0,0,0,0,0,0,0,0,0,0,0,0,0,0,0,0,0,0,0,0,0,0,0,0,0,0,0,0,0,0,0,0,0,0,0,0,0,0,0,0,0,0,2,0,0,0,0,0,0,0,0,0,0,0,0,0,0,0,0,0,0,"ASV_153","High-MH","None","Bacteria",NA,NA,NA,NA,NA,NA
"ASV_158","acaccatgggagtgggttgcaaaagaagtaggtagcttaaccttcgggagggcgcttaccactttgtgattcatgactggggtgaagtcgtaacaaggtaacc",0,0,0,0,0,0,0,0,0,0,0,0,0,0,0,0,0,0,0,0,0,0,0,0,0,0,0,0,0,0,0,0,0,0,0,0,0,0,0,0,0,0,0,0,0,13,0,0,0,0,0,0,0,0,0,0,0,0,0,0,0,0,0,0,0,0,0,0,0,0,0,0,0,0,0,0,0,0,0,0,0,0,0,0,0,0,0,0,0,0,12,0,0,0,0,0,0,0,0,0,0,0,0,0,0,0,0,0,0,0,0,0,0,0,0,0,0,0,0,0,0,0,0,0,0,0,"ASV_158","High-MH","None","Bacteria","Pseudomonadota","Gammaproteobacteria","Enterobacterales",NA,NA,NA
"ASV_16821","gctactaccgattgaatgatttagtgaggtctttggaccggtgcgcggcagtctctcgagagtgccgatgtcgctggaaagatgaccgaacttgattatttagaggaagtaaaagtcgtaacaaggtttcc",0,0,0,108,0,0,0,0,0,0,0,0,0,0,0,0,0,0,0,0,0,0,0,0,0,0,0,0,0,0,0,0,0,0,0,0,0,0,0,0,0,0,0,0,0,0,0,0,0,0,0,0,0,0,0,0,0,0,0,0,0,0,0,0,0,0,0,0,0,0,0,0,0,0,0,0,0,0,0,0,0,0,0,0,0,0,0,0,0,0,0,0,0,0,0,0,0,0,0,0,0,0,0,0,0,0,0,0,0,0,0,0,0,0,0,0,0,0,0,0,0,0,0,0,0,0,"ASV_16821","High","1291219","Eukaryota","Arthropoda","Insecta","Thysanoptera","Aeolothripidae","Aeolothrips","Aeolothrips duvali"
"ASV_16999","gctactaccgattgaatggcttagtgaggtctccggatcgacttcggggagccggcaacggcaccttgttgttgagaagctgatcaaacttggtcatttagaggaagtaaaagtcgtaacaaggtttcc",0,0,0,0,0,0,0,0,0,0,0,0,0,0,0,0,0,0,0,0,0,0,0,10,0,0,0,0,0,0,0,0,0,0,0,0,0,0,0,0,0,0,0,0,0,0,0,0,0,0,0,0,0,0,0,0,0,0,0,0,0,0,0,0,0,0,0,0,0,0,0,0,0,0,0,0,0,0,0,0,0,0,0,0,0,0,0,0,0,0,0,0,0,0,0,0,0,0,0,0,0,0,0,0,0,0,0,0,0,0,0,0,0,0,0,0,0,0,0,0,0,0,0,0,0,0,"ASV_16999","Low","156611","Eukaryota","Basidiomycota","Agaricomycetes","Auriculariales","Exidiaceae","Exidia","Exidia recisa"
"ASV_1717","gctactaccgattgaatggctcagtgaggccttgggattggcttaggagggttggcaacgaccccccagagccgaaaacttggtcaaactcggtcatttagaggaagtaaaagtcgtaacaaggtttcc",0,0,0,0,0,0,0,0,0,21,0,0,0,0,0,0,0,0,0,0,0,0,0,0,0,0,0,0,0,0,0,0,0,0,0,0,0,0,0,0,0,0,0,0,0,0,0,0,0,0,0,0,0,0,0,0,0,0,0,0,0,0,0,0,0,0,0,0,0,0,0,0,0,0,0,0,0,0,0,0,0,0,0,0,0,0,0,0,0,0,0,0,0,0,0,0,0,0,0,0,0,0,0,0,0,0,0,0,0,0,0,0,0,0,0,0,0,0,0,0,0,0,0,0,0,0,"ASV_1717","High-MH","None","Eukaryota","Ascomycota",NA,NA,NA,NA,NA
"ASV_177","gctactaccgattggatggtttagtgaggtcctcggatcggccccgccggggtcggcgacggctctggcggagcgccgagaagacgatcaaacttgactatctagaggaagtaaaagtcgtaacaaggtttcc",0,0,0,0,0,0,0,0,0,0,0,0,0,0,0,0,0,0,0,0,0,0,0,0,0,0,0,0,0,0,0,0,0,0,0,0,0,0,0,0,0,0,0,0,0,0,0,0,0,0,0,0,0,0,0,0,0,0,0,0,0,0,0,0,0,0,0,0,0,0,0,0,0,0,0,0,0,0,0,0,0,0,0,0,0,0,0,0,0,0,0,2,0,0,0,0,0,0,0,0,0,0,0,0,0,0,0,0,0,0,0,0,0,0,0,0,0,0,0,0,0,0,0,0,0,0,"ASV_177","High-MH","None","Eukaryota","Chordata",NA,NA,NA,NA,NA
"ASV_1795","gctactaccgattgaatggcttagtgaggcctccggattggctttgaggagccggcaacggcaccttatcgctgagaagctggtcaaacttggtcatttagaggaagtaaaagtcgtaacaaggtttcc",0,0,0,0,0,0,0,0,0,0,0,0,0,0,0,0,0,0,0,0,0,0,0,0,196,54,0,0,0,0,91,0,0,0,0,0,0,0,0,0,0,0,0,0,0,0,0,0,0,0,0,0,0,0,0,0,0,0,0,0,0,0,0,0,0,0,0,0,0,0,0,0,0,0,0,0,0,0,0,0,0,0,0,0,0,0,0,0,0,0,0,0,0,0,0,0,0,0,0,0,0,0,0,0,0,0,0,0,0,0,0,0,0,0,0,0,0,0,0,0,0,0,0,0,0,0,"ASV_1795","High-MH","None","Eukaryota","Basidiomycota","Agaricomycetes","Hymenochaetales","","Resinicium",NA
"ASV_18","gctactaccgattggatggtttagtgaggtcctcggatcggccccgccggagtcggacacggccctggcggagcgccgagaagacgatcaaacttgactatctagaggaagtaaaagtcgtaacaaggtttcc",0,0,0,0,0,0,0,0,0,0,0,0,0,0,0,0,0,0,0,0,0,0,0,0,0,0,0,0,0,0,0,0,0,0,0,0,0,0,0,0,0,0,0,0,0,0,0,0,0,0,0,0,0,0,0,0,0,0,0,0,0,0,0,0,0,0,0,0,0,0,0,0,0,0,0,2,0,0,0,0,0,0,0,0,0,0,0,0,0,0,0,3,0,0,0,0,0,0,0,0,0,0,0,0,0,0,0,0,0,0,0,0,0,0,0,0,0,0,0,0,0,0,0,0,0,0,"ASV_18","High-MH","None","Eukaryota","Chordata",NA,NA,NA,NA,NA
"ASV_1809","gctcctaccgattgaatggtccggtgaagtgttcggatcgcggcgacgggggcggttcgccgcccccgacgtcgcgagaagtccattgaaccttatcatttagaggaaggagaagtcgtaacaaggtttcc",0,0,0,0,0,0,0,0,0,0,0,0,0,0,0,0,0,0,0,0,0,0,0,0,0,0,0,0,0,0,0,0,0,0,0,0,0,0,0,0,0,0,0,0,0,0,0,0,214,0,0,0,0,28,0,0,0,0,0,0,0,0,0,0,0,0,0,0,0,0,0,0,0,0,0,0,0,0,0,0,0,0,0,0,0,0,0,0,0,0,265,0,0,0,0,0,0,0,0,0,0,0,0,0,0,60,0,0,0,0,0,0,0,0,0,0,0,0,0,0,0,0,0,0,0,0,"ASV_1809","High-MH","None","Eukaryota",NA,NA,NA,NA,NA,NA
"ASV_1826","gctactaccgattgaatggctcggtgaggccttcggactggctccagggggttggcaacgaccccccagagccggaaagttggtcaaacccggtcatttagaggaagtaaaagtcgtaacaaggtttcc",0,0,0,0,0,0,0,0,0,94,0,0,0,0,0,0,0,0,0,0,0,0,0,0,0,0,0,0,0,0,0,0,0,0,0,0,0,0,0,0,0,0,0,0,0,0,0,0,0,0,0,0,0,0,0,0,0,0,0,0,0,0,0,0,0,0,0,0,0,0,0,0,0,0,0,0,0,0,0,0,0,0,0,0,0,0,0,0,0,0,0,0,0,0,0,0,0,0,0,0,0,0,0,0,2,0,0,0,0,0,0,0,0,0,0,0,0,0,0,0,0,0,0,0,0,0,"ASV_1826","High-MH","None","Eukaryota","Ascomycota","Eurotiomycetes","Eurotiales",NA,NA,NA
"ASV_1840","gctactaccgattgaatggctcagtgaggccttcggactggctcgaggaggttggcaacgaccacctcaagccggaaagttcgtcaaactcggtcatttagaggaagtaaaagtcgtaacaaggtctcc",0,0,0,0,0,0,0,0,0,0,0,0,0,0,0,0,0,11,0,34,4,0,0,0,72,32,0,23,2,14,0,0,0,0,0,0,0,0,0,0,0,0,0,0,0,0,0,0,0,0,0,0,0,0,0,0,0,0,0,47,0,0,0,0,0,0,0,0,0,0,0,0,0,0,0,0,0,0,0,0,0,0,0,0,0,0,0,0,0,0,0,0,0,0,0,0,0,0,0,0,0,0,0,0,0,0,0,0,0,0,0,0,0,0,0,0,0,0,0,0,0,0,0,0,0,0,"ASV_1840","High-MH","None","Eukaryota",NA,NA,NA,NA,NA,NA
"ASV_19","gctactaccgattggatggtttagtgaggtcctcggatcggccccgccggggtcggtcacggccctggcggagcgccgagaagacgatcaaacttgactatctagaggaagtaaaagtcgtaacaaggtttcc",0,0,3,0,0,0,0,0,0,0,0,0,0,0,0,0,0,0,0,0,0,0,0,0,0,0,0,0,0,0,0,0,0,0,0,0,0,0,0,0,0,0,0,0,0,0,0,0,0,0,0,0,0,0,0,0,0,0,0,0,0,0,0,0,0,0,0,0,0,0,0,0,0,0,0,0,0,0,0,0,0,0,0,0,0,0,0,0,0,0,0,0,0,0,0,0,0,0,0,0,0,0,0,0,0,0,0,0,0,0,0,0,0,0,0,0,0,0,0,0,0,0,0,0,0,0,"ASV_19","High-MH","None","Eukaryota","Chordata","Actinopteri",NA,NA,NA,NA
"ASV_19097","gctcctaccgattgaatggtccggtgaagtgttcggatcgcggcgactcgggcggtccgccgcccgcgacgtcgcgagaagtccgctgaaccttatcatttagaggaaggagaagtcgtaacaaggtttcc",0,0,0,0,0,0,0,0,0,0,0,0,0,0,0,0,0,0,0,0,0,0,0,0,0,0,0,0,0,0,0,0,0,0,0,0,0,0,0,0,0,0,0,0,0,0,0,0,0,0,0,0,0,0,0,0,0,0,0,0,0,0,0,0,0,0,0,0,0,0,0,0,0,0,0,0,0,0,0,0,0,0,0,0,0,0,0,0,0,0,0,0,0,0,0,0,0,0,0,0,0,0,0,0,0,0,0,0,0,0,0,0,0,0,0,0,0,56,0,0,0,0,0,0,0,0,"ASV_19097","Low","49657","Eukaryota","Streptophyta","Magnoliopsida","Liliales","Smilacaceae","Smilax","Smilax china"
"ASV_1928","gctactaccgattgaatggcttagtgagcctttgggattggcagcttgtaccggcaacggtagcaggccgctgaaaacttaggcaaacttggtcatttagaggaagtaaaagtcgtaacaaggtttct",0,0,0,0,0,0,0,0,0,0,0,0,0,137,0,0,0,0,0,0,0,0,0,0,0,0,0,0,0,0,0,0,0,0,0,0,0,0,0,0,0,0,0,0,0,0,0,0,0,0,0,0,0,0,0,0,0,0,0,0,0,0,0,0,0,34,0,0,0,0,0,0,0,0,0,0,0,0,0,0,0,0,0,0,0,0,0,0,0,0,0,0,0,0,0,0,0,0,0,0,0,0,0,0,0,0,0,0,0,32,0,0,0,0,0,0,0,0,0,0,0,0,0,0,0,0,"ASV_1928","High-MH","None","Eukaryota",NA,NA,NA,NA,NA,NA
"ASV_19567","tctactactgataggatggtttagtgaggtcctcggatcggccccgccgggtcagcccactgccctggtggagcgctgagaagacagtcaaacttgactatctagaggaagtaaaagtcgtaacaaagtttca",0,0,0,0,0,0,0,0,0,0,0,0,0,0,0,0,0,0,0,0,0,0,0,0,0,0,0,0,0,0,0,0,0,0,0,0,0,0,0,0,0,0,0,0,0,0,0,0,0,0,0,0,0,0,0,0,0,0,0,0,0,0,0,0,0,0,0,0,0,0,0,0,0,0,0,0,0,0,0,0,0,11,0,0,0,0,0,0,0,0,0,0,0,0,0,0,0,0,0,0,0,0,0,0,0,0,0,0,0,0,0,0,0,0,0,0,0,0,0,0,0,0,0,0,0,0,"ASV_19567","High","9606","Eukaryota","Chordata","Mammalia","Primates","Hominidae","Homo","Homo sapiens"
"ASV_19724","acaccatgggagttggttttacctgaagacggtgcgctaaccgaaagggggcagccggccacggtagggtcagcgactggggtgaagtcgtaacaaggtagcc",0,0,0,0,0,0,0,0,0,0,0,0,0,0,0,0,0,0,0,0,0,0,0,0,0,0,0,0,0,0,0,0,0,0,0,0,0,0,0,0,0,0,0,0,0,0,0,0,0,0,0,0,0,0,0,0,0,0,0,0,0,0,0,0,0,0,0,0,0,0,0,0,0,0,0,0,0,0,0,0,0,0,0,0,0,0,0,0,0,0,0,0,0,0,0,0,0,0,0,0,8,0,0,0,0,0,0,0,0,0,0,0,0,0,0,0,0,0,0,0,0,0,0,0,0,0,"ASV_19724","High-MH","None","Bacteria","Pseudomonadota","Alphaproteobacteria","Hyphomicrobiales","Nitrobacteraceae",NA,NA
"ASV_2","gcacctaccgattgaatggtccggtgaaccgttcggatttgttggcatttcctttacgggagattccagcggagaagttctgtaaaccttaccatttagaggaaggtgaagtcgtaacaaggtttcc",0,0,3,0,0,0,0,0,0,0,0,0,0,0,0,0,0,0,0,0,0,0,0,0,0,0,0,0,0,0,0,0,0,0,0,0,0,0,0,0,0,0,0,0,0,0,0,0,0,0,0,2,0,0,0,0,0,0,0,0,0,0,0,0,0,0,0,0,0,0,0,0,0,0,0,0,0,0,0,0,0,0,0,0,0,0,0,0,0,0,0,0,0,0,0,0,0,0,0,0,0,0,0,0,0,0,0,0,0,0,0,0,0,0,0,0,0,0,0,0,0,0,0,0,0,0,"ASV_2","Low","46767","Eukaryota","","Bigyra","Opalinata","Blastocystidae","Blastocystis","Blastocystis sp."
"ASV_20","gctactaccgattgaatggcttagtgaggcctttggatctgtcctttgggcgcaagcctgtgggatggaaaaattggacaaacttggtcatttagaggaagtaaaagtcgtaacaaggtttcc",0,0,0,0,0,0,0,0,0,0,0,0,0,0,0,0,0,0,0,2,0,0,0,0,0,0,0,0,0,0,0,0,0,0,0,0,0,0,0,0,0,0,0,0,0,0,0,0,0,0,0,0,0,0,0,0,0,0,0,0,0,0,0,0,0,0,0,0,0,0,0,0,0,0,0,0,0,0,0,0,0,0,0,0,0,0,0,0,0,0,0,0,0,0,0,0,0,0,0,0,0,0,0,0,0,0,0,0,0,0,0,0,0,0,0,0,0,0,0,0,0,0,0,0,0,0,"ASV_20","Low","2012228","Eukaryota","Cryptomycota","","","","","Cryptomycota sp."
"ASV_20382","gctactaccgatgaattgcttagcaagaacaatggacggttggatgcatgctagcgtttcggcgtctggaagcatcaggactgaaagttgttcaagcttgtcagtttagaggaagtaaaagtcgtaacaaggtttcc",0,0,0,0,0,0,0,0,0,0,0,0,0,0,0,0,0,0,0,0,0,0,0,0,0,0,0,0,0,0,0,0,0,0,0,0,0,0,0,0,0,0,0,0,0,0,0,0,0,76,0,0,0,0,0,0,0,0,0,0,0,0,0,0,0,0,0,0,0,0,0,0,0,0,0,0,0,0,0,0,0,0,0,0,0,0,0,0,0,0,0,0,0,0,0,0,0,0,0,0,0,0,0,0,0,0,0,0,0,0,0,0,0,0,0,0,0,0,0,0,0,0,0,0,0,0,"ASV_20382","Low","2051813","Eukaryota","Arthropoda","Arachnida","Trombidiformes","Pygmephoridae","Parapygmephorus","Parapygmephorus (Sicilipes) sp. AD1936"
"ASV_2047","gctactaccgattgaatggcttagtgaggtttccggattggctttgaggacccggcaacgggatcttattgctgagaagctacccaaacttggtcatttagaggaagtaaaagtcgtaacaaggtttcc",0,0,0,0,0,0,0,0,0,0,0,0,0,40,2,0,0,0,0,0,0,0,0,0,0,0,0,0,0,0,0,0,0,0,0,0,0,0,0,0,0,0,0,0,0,0,0,0,0,0,0,0,0,0,0,0,0,0,0,0,0,0,0,0,0,0,0,0,0,0,0,0,0,0,0,0,0,0,0,0,0,0,0,0,0,0,0,0,0,0,0,0,0,0,0,0,0,0,0,0,0,0,0,0,0,0,0,0,0,0,0,0,0,0,0,0,0,0,0,0,0,0,0,0,0,0,"ASV_2047","High-MH","None","Eukaryota",NA,NA,NA,NA,NA,NA
"ASV_20509","gctcctaccgattgaatgacccggtgaggcttccggactgcctgcgttgtatcggcaacggtcgacgcgggcgggaagttatcctaaccttgccatttagaggaaggagaagtggtaacaaggtttcc",0,0,0,0,0,0,0,0,0,0,0,0,0,0,0,0,0,0,0,0,0,0,0,0,0,0,0,0,0,0,73,0,0,0,0,0,0,0,0,0,0,0,0,0,0,0,0,0,0,0,0,0,0,0,0,0,0,0,0,0,0,0,0,0,0,0,0,0,0,0,0,0,0,0,0,0,0,0,0,0,0,0,0,0,0,0,0,0,0,0,0,0,0,0,0,0,0,0,0,0,0,0,0,0,0,0,0,0,0,0,0,0,0,0,0,0,0,0,0,0,0,0,0,0,0,0,"ASV_20509","Low","2925399","Eukaryota","","","Apusomonadida","Apusomonadidae","Podomonas","Podomonas capensis"
"ASV_2177","acaccatgggagtgggttgctccagaagtagctagtctaaccttcgggaggacggttaccacggagtgattcatgactggggtgaagtcgtaacaaggtagca",0,0,0,0,0,0,0,0,0,0,0,0,0,0,0,0,0,0,0,0,0,0,0,0,0,0,0,0,0,0,0,0,0,0,0,0,0,0,0,0,0,0,0,0,0,0,0,0,0,0,0,0,0,0,0,0,0,0,0,0,0,0,0,0,0,0,0,0,0,0,0,0,0,0,0,0,0,0,0,0,0,0,0,0,0,0,0,0,0,0,0,0,0,0,0,0,0,0,0,0,0,0,0,0,0,0,0,10,0,0,0,0,0,0,0,0,0,0,0,0,0,0,0,0,0,0,"ASV_2177","High-MH","None","Bacteria",NA,NA,NA,NA,NA,NA
"ASV_22","gctactaccgattgaatggtttagtgagatccttggatcggccccgccgcggctggaaacggtcgcgtcggcgcgtcgagaagacgatcaaacttgatcatttagaggaagtaaaagtcgtaacaaggtttcc",0,0,0,0,0,0,0,0,0,0,0,0,0,0,0,0,0,0,0,0,0,0,0,0,0,0,0,0,0,0,0,71,0,0,0,0,0,0,0,0,0,0,0,0,0,0,0,0,0,0,0,0,0,0,0,0,0,0,0,0,0,0,0,0,0,0,0,0,0,0,0,0,0,0,0,0,0,0,0,0,0,0,0,0,0,0,0,0,0,0,0,0,0,0,0,0,0,0,0,0,0,0,0,0,0,0,0,0,0,0,0,0,0,0,0,0,0,0,0,0,0,0,0,0,0,0,"ASV_22","Low","30301","Eukaryota","Chordata","Ascidiacea","Stolidobranchia","Styelidae","Botryllus","Botryllus schlosseri"
"ASV_2216","gctactaccgattgaatggctgagtgaggccttcggactggcccagggaggtcggcaacgaccacccagggccggaaagttggtcaaactccgtcatttagaggaagtaaaagtcgtaacaaggtttcc",0,0,0,0,0,0,0,0,0,0,0,0,0,0,0,0,0,0,0,0,0,0,0,0,0,0,0,0,0,0,0,0,0,0,0,0,0,0,0,0,0,0,0,30,0,0,0,0,0,0,0,0,0,0,0,0,0,0,0,0,0,0,0,0,0,0,0,0,0,0,0,0,0,0,0,0,0,0,0,0,0,0,0,0,0,0,0,0,0,0,0,0,0,0,0,0,0,0,0,0,0,0,0,0,0,0,0,0,0,0,0,0,0,0,0,0,0,0,0,0,0,0,0,0,0,0,"ASV_2216","High-MH","None","Eukaryota",NA,NA,NA,NA,NA,NA
"ASV_23141","gctactactgattgaatggcttagtgaggccttcggactggcttggggaggttggtaacgaccaccctaagccggaaagttcgtcaaactcggttatttagaggaagtaaaagtcgtaacaaggtttcc",0,0,0,0,0,0,0,0,0,0,0,0,0,0,0,0,0,0,0,0,0,0,0,0,0,0,0,0,0,0,0,0,0,0,0,0,0,0,0,0,0,0,0,0,0,0,0,0,0,0,0,0,0,0,0,0,0,0,59,0,0,0,0,0,0,0,0,0,0,0,0,0,0,0,0,0,0,0,0,0,0,0,0,0,0,0,0,0,0,0,0,0,0,0,0,0,0,0,0,0,0,0,0,0,0,0,0,0,0,0,0,0,0,0,0,0,0,0,0,0,0,0,0,0,0,0,"ASV_23141","Low","33175","Eukaryota","Ascomycota","Dothideomycetes","Pleosporales","Phaeosphaeriaceae","Ophiosphaerella","Ophiosphaerella herpotricha"
"ASV_23720","acaccatgggagttgggtctacccgacggccgtgcgctaacccttacgggaggcagcggaccacggtaggctcagcgactggggtgaagtcgtaacaaggtagcc",0,0,0,0,0,0,0,0,0,0,0,0,0,0,0,0,0,0,0,0,0,0,0,0,0,0,0,0,0,0,0,0,0,0,0,0,0,0,0,0,0,0,0,0,2,0,0,0,0,0,0,0,0,0,0,0,0,0,0,0,0,0,0,0,0,0,0,0,0,0,0,0,0,0,0,0,0,0,0,0,0,0,0,2,0,0,0,0,0,0,26,0,0,0,0,0,0,0,0,0,0,0,0,0,0,0,0,0,0,0,0,0,0,0,0,0,0,0,0,0,0,0,0,0,0,0,"ASV_23720","High-MH","None","Bacteria",NA,NA,NA,NA,NA,NA
"ASV_239","gcacctaccgattgaatggtccggtgaaatttcgggattgggagattgttgatttatttcgactgtcttccgagaacttacttaaaccttatcatttagaggaaggtgaagtcgtaacaaggtttcc",0,0,0,0,0,0,0,0,0,0,0,0,0,0,0,0,0,0,0,0,0,0,0,0,0,0,0,0,0,0,93,0,0,0,0,0,0,0,0,0,0,0,0,0,0,0,0,0,0,0,0,0,0,0,0,0,0,0,0,0,0,0,0,0,0,0,0,0,0,0,0,0,0,0,0,0,0,0,0,0,0,0,0,0,0,0,0,0,0,0,0,0,0,0,0,0,0,0,0,0,0,0,0,0,0,0,0,0,0,0,0,0,0,0,0,0,0,0,0,0,0,0,0,0,0,0,"ASV_239","Low","91992","Eukaryota","","Bolidophyceae","Parmales","Triparmaceae","Triparma","Triparma pacifica"
"ASV_2417","gctcctaccgattgaatgatccggtgaagtgttcggatcgcgtcaacgagggtggttcgccgccgacgatgtcgtgagaagttcactgaaccttatcatttagaggaaggagaagtcgtaacaaggttacc",0,0,0,0,0,0,0,0,0,0,0,0,0,0,0,0,0,0,0,0,0,0,0,0,0,0,0,0,0,0,0,0,0,0,0,0,0,0,0,0,0,0,0,0,0,0,0,0,0,0,0,0,0,0,0,0,0,0,0,0,0,0,0,0,0,0,0,0,0,0,0,0,0,0,0,0,0,0,0,0,0,0,0,0,0,0,0,0,0,0,0,0,0,0,0,0,0,0,0,0,0,0,0,0,0,0,0,0,0,0,0,0,0,0,0,0,0,0,0,4,0,0,0,0,0,0,"ASV_2417","High","3329","Eukaryota","Streptophyta","Pinopsida","Pinales","Pinaceae","Picea","Picea abies"
"ASV_2434","gctcctaccgattgaatggtccggtgaagtgttcggatcgaggcgacatgggcggttcgctgcccgtgacgtcgcgagaagtccactgaaccttatcatttagaggaaggagaagtcgtaacaaggtttcc",0,0,0,0,0,0,0,0,0,0,0,0,0,0,0,0,0,0,0,0,0,0,0,7,0,0,5,0,0,14,77,0,0,0,0,0,0,0,0,0,0,0,0,0,0,0,0,0,0,0,0,0,0,0,0,0,0,0,0,0,0,0,0,0,0,0,0,0,0,0,0,0,0,0,0,0,0,0,0,0,0,0,0,0,0,0,0,0,0,0,0,0,0,0,0,0,0,0,0,0,0,0,0,0,0,0,0,0,0,0,0,0,0,0,0,0,0,0,0,0,0,0,0,0,0,0,"ASV_2434","High-MH","None","Eukaryota",NA,NA,NA,NA,NA,NA
"ASV_25","gctagtaccgattgaatgatccggtgaggattcaggatggcagagctttagtttgtctgaaaggataagcgggttcagccagaatttgttcaaaccgtgtcatttagaggaactaaaagtcgtaacaaggttttc",0,0,0,0,0,0,0,0,0,0,0,0,0,0,0,0,0,0,0,2,0,0,0,0,0,0,0,0,0,0,0,0,0,0,0,0,0,0,0,0,0,0,0,0,0,0,0,0,0,0,0,0,0,0,0,0,0,0,0,0,0,0,0,0,0,0,0,0,0,0,0,0,0,0,0,0,0,0,0,0,0,0,0,0,0,0,0,0,0,0,0,0,0,0,0,0,0,0,0,0,0,0,0,0,0,2,0,0,0,2,0,0,0,0,0,0,0,0,0,0,0,0,0,0,0,0,"ASV_25","Low","315533","Eukaryota","Tubulinea","Elardia","Euamoebida","Hartmannellidae","Nolandella","Nolandella abertawensis"
"ASV_250","gctcctaccgattgagtgatccggtgaattaaccagatatttgtaacttcagtttctgcagttatttatagaaggtttgtgaaccttatcacttagaggaaggagaagtcgtaacaaggtttcc",0,0,0,0,0,0,0,0,0,0,0,0,0,0,0,0,0,0,0,0,0,0,0,0,0,0,0,0,0,0,0,0,0,0,0,0,0,0,0,0,0,0,2,0,0,0,0,0,0,0,0,0,0,0,0,0,0,0,0,0,0,0,0,0,0,0,0,0,0,0,0,0,0,0,0,0,0,0,0,0,0,0,0,0,0,0,0,0,0,0,0,0,0,0,0,0,0,0,0,0,0,0,0,0,0,0,0,0,0,0,0,0,0,0,0,0,0,0,0,0,0,0,0,0,0,0,"ASV_250","Low","2719952","Eukaryota","Apicomplexa","Marosporida","Agamococcidiorida","Rhytidocystidae","Rhytidocystis","Rhytidocystis nekhoroshkovae"
"ASV_2573","gctactaccgattgaatggcttagtgaggtcttgggattggcttcggggagccggcaacggcaccttgtcgctgaaaacttgatcaaacttggtcatttagaggaagtaaaagtcgtaacaaggtttcc",0,0,23,0,0,0,0,0,0,0,0,0,0,0,0,0,0,0,0,0,0,0,0,0,0,0,0,0,0,0,0,0,0,0,0,0,0,0,0,0,0,0,0,0,0,0,0,0,0,0,0,0,0,0,0,0,0,0,0,0,0,0,0,0,0,0,0,0,0,0,0,0,0,0,0,0,0,0,0,0,0,0,0,0,0,0,0,0,0,0,0,0,0,0,0,0,0,0,0,0,0,0,0,0,0,0,0,0,0,0,0,0,0,0,0,0,0,0,0,0,0,0,0,0,0,0,"ASV_2573","High-MH","None","Eukaryota",NA,NA,NA,NA,NA,NA
"ASV_267","gctcctaccgattgaatggtccggtgaagtgttcggatcgcggcgacgtgggcggttcgccgccgacgacgtcgcgagaagtccactgaaccttatcatttagaggaaggagaagtcgtaacaaggtttcc",0,0,0,0,0,0,0,0,0,0,0,0,0,0,0,0,0,0,0,0,0,0,0,0,0,0,0,0,0,0,0,0,0,0,0,0,0,0,0,0,0,0,0,0,0,0,0,0,0,0,0,0,0,0,0,0,0,0,0,0,0,41,0,0,0,0,0,0,0,0,0,0,0,0,0,0,0,0,0,0,0,0,0,0,0,0,0,0,0,0,0,0,0,0,0,0,0,0,0,0,0,0,0,0,0,0,0,0,0,0,0,0,0,0,0,0,0,0,0,0,0,0,0,0,0,0,"ASV_267","High-MH","None","Eukaryota","Streptophyta","Magnoliopsida",NA,NA,NA,NA
"ASV_2672","acaccatgggagtgggttgctccagaagtagctagtctaaccttcggggggacggttaccacggagtgattcatgactggggtgaagtcgtaacaaggtagcc",0,0,0,0,0,0,0,0,0,0,0,0,0,0,0,0,0,0,0,0,0,0,0,0,0,0,0,0,0,0,0,0,0,0,0,0,0,0,0,0,0,0,0,0,0,0,0,0,0,0,0,0,0,0,0,0,6,0,0,0,2,0,0,0,0,0,0,0,0,0,0,0,0,0,0,0,0,0,0,0,0,0,0,0,0,0,0,0,0,0,8,0,0,0,0,0,0,0,0,0,0,0,0,0,0,0,0,138,0,0,0,0,0,0,0,0,0,0,0,0,0,0,0,0,0,0,"ASV_2672","High-MH","None","Bacteria",NA,NA,NA,NA,NA,NA
"ASV_27547","gctactaccgattgaatggctcagtgaggcgttcggactggctcggggaggttggcaacgaccaccccaagccggaaagttcgtcaaactcggtcatttagaggaagtaaaagtcgtaacaaggtctcc",0,0,0,0,0,0,0,0,0,0,0,0,0,0,0,0,0,0,0,0,0,0,0,0,0,0,0,0,0,0,0,0,0,0,0,0,0,0,0,0,6,0,0,0,0,0,0,0,0,0,0,0,0,0,0,0,0,0,0,0,0,0,0,0,0,0,0,0,0,0,0,0,0,0,0,0,0,0,0,0,0,0,0,0,0,0,0,0,0,0,0,0,0,0,0,0,0,0,0,0,0,0,0,0,0,0,0,0,0,0,0,0,0,0,0,0,0,0,0,0,0,0,0,0,0,0,"ASV_27547","High-MH","None","Eukaryota","Ascomycota","Dothideomycetes","Pleosporales","Pleosporaceae",NA,NA
"ASV_27711","gctactaccgattgaacggcttagtgaggtcttcggattggctttggggagccggcgacggcgccctgtcgtcgagaagtcgatcaaacttggtcgtttagaggaagtaaaagtcgtaacaaggtttcc",0,0,0,0,0,0,0,0,0,0,0,0,0,0,0,0,0,0,0,0,0,0,0,0,0,0,0,0,0,0,0,0,0,0,0,0,0,0,0,0,0,0,0,39,0,0,0,0,0,0,0,0,0,0,0,0,0,0,0,0,0,0,0,0,0,0,0,0,0,0,0,0,0,0,0,0,0,0,0,0,0,0,0,0,0,0,0,0,0,0,0,0,0,0,0,0,0,0,0,0,0,0,0,0,0,0,0,0,0,0,0,0,0,0,0,0,0,0,0,0,0,0,0,0,0,0,"ASV_27711","High","146781","Eukaryota","Basidiomycota","Agaricomycetes","Phallales","Phallaceae","Phallus","Phallus impudicus"
"ASV_2864","gctactaccgattgaatggctcagtgaggccttcggactggcttggggaggttggcaacgaccaccctaagccggaaagttcgtcaaactcggtcatttagaggaagtaaaagtcgtaacaaggtttcc",0,0,0,0,0,0,0,15,0,0,0,0,0,0,0,48,0,0,0,0,0,0,0,0,0,0,0,0,0,0,0,0,0,0,0,0,0,0,0,0,0,0,0,0,0,0,0,0,0,0,0,0,0,0,0,0,0,0,0,0,0,0,0,0,0,0,0,0,0,0,0,0,0,0,0,0,0,0,0,0,0,0,0,0,0,0,0,0,0,0,0,0,0,0,0,0,0,0,0,0,0,0,0,0,0,0,0,0,0,0,0,0,0,0,0,0,0,0,0,0,0,0,0,0,0,0,"ASV_2864","High-MH","None","Eukaryota","Ascomycota",NA,NA,NA,NA,NA
"ASV_28685","gctactaccgattgaatggctcagtgaggccttcggactggcttatagaggttggcaacgaccactgtgagccggaaagttcgtcaaactcggtcatttagaggaagtaaaagtcgtaacaaggtttcc",0,0,0,0,0,0,0,0,0,0,0,0,0,0,0,0,0,0,0,0,0,0,0,0,0,37,0,0,0,0,0,0,0,0,0,0,0,0,0,0,0,0,0,0,0,0,0,0,0,0,0,0,0,0,0,0,0,0,0,0,0,0,0,0,0,0,0,0,0,0,0,0,0,0,0,0,0,0,0,0,0,0,0,0,0,0,0,0,0,0,0,0,0,0,0,0,0,0,0,0,0,0,0,0,0,0,0,0,0,0,0,0,0,0,0,0,0,0,0,0,0,0,0,0,0,0,"ASV_28685","Low","2082837","Eukaryota","","","","","","fungal sp. CBS 125826"
"ASV_2889","gctactaccgattgaatggcttagtgaggtttccggattggctttgaggagctggcaacggcaccttgtcgccgagaagttacccaaacttggtcatttagaggaagtaaaagtcgtaacaaggtttcc",0,0,0,0,0,0,0,213,1160,168,28,0,23,6,28,0,0,0,0,0,0,0,0,0,0,0,0,0,0,0,0,0,0,0,0,0,0,0,0,0,0,0,0,0,0,0,0,0,0,0,0,0,0,0,0,0,0,0,0,0,0,0,0,0,0,0,0,0,0,0,0,0,0,0,0,0,0,0,0,0,0,0,0,0,0,0,0,0,0,0,0,0,0,0,0,0,0,0,0,0,0,0,0,0,0,0,0,0,0,0,0,0,0,0,0,0,0,0,0,0,0,0,0,0,0,0,"ASV_2889","High-MH","None","Eukaryota","Basidiomycota","Tremellomycetes","Cystofilobasidiales","Cystofilobasidiaceae","Cystofilobasidium",NA
"ASV_29","acaccatgggagttggttttacccgacggaggtgcgctaacctgcttgcaggaggcagcctaccacggtagagtcagcgactggggtgaagtcgtaacaaggtagcc",0,0,2,0,0,0,0,0,0,0,0,0,0,0,0,0,0,0,0,0,0,0,0,0,0,0,0,0,0,0,0,0,0,0,0,0,0,0,0,0,0,0,0,0,0,0,0,0,0,0,0,0,0,0,0,0,0,0,0,0,0,0,0,0,0,0,0,0,0,0,0,0,0,0,0,0,0,0,0,0,0,0,0,0,0,0,0,0,0,0,0,0,0,0,0,0,0,0,0,0,0,0,0,0,0,0,0,0,0,0,0,0,0,0,0,0,0,0,0,0,0,0,0,0,0,0,"ASV_29","Low","1892381","Bacteria","Pseudomonadota","Alphaproteobacteria","Maricaulales","Robiginitomaculaceae","Litorimonas","Litorimonas sp."
"ASV_29396","gctactaccgattgaatggcttagtgagtcctccggatcagaaggtgtcaccggcaacggtgttcatcctttagagaagttgggcaaacttggtcatttagaggaagtaaaagtcgtaacaaggtaacc",0,0,0,0,0,0,0,0,0,0,0,0,0,0,0,0,0,0,0,0,0,0,0,0,0,0,0,0,0,0,0,0,0,0,0,0,0,0,0,0,0,0,35,0,0,0,0,0,0,0,0,0,0,0,0,0,0,0,0,0,0,0,0,0,0,0,0,0,0,0,0,0,0,0,0,0,0,0,0,0,0,0,0,0,0,0,0,0,0,0,0,0,0,0,0,0,0,0,0,0,0,0,0,0,0,0,0,0,0,0,0,0,0,0,0,0,0,0,0,0,0,0,0,0,0,0,"ASV_29396","Low","2750442","Eukaryota","Chytridiomycota","Chytridiomycetes","Spizellomycetales","Powellomycetaceae","","Powellomycetaceae sp."
"ASV_3","gcacctaccgattgaatggtctggtgaactgtccggactttgagaaaattcctttattggagtcttcacagaggaagttctgtaaaccctaccatttagaggaaggtgaagtcgtaacaaggtttcc",0,0,2,0,0,0,0,0,0,0,0,0,0,0,0,0,0,0,0,0,0,0,0,0,0,0,0,0,0,0,0,0,0,0,0,0,0,0,0,0,0,0,0,0,0,0,0,0,0,0,0,0,0,0,0,0,0,0,0,0,0,0,0,0,0,0,0,0,0,0,0,0,0,0,0,0,0,0,0,0,0,0,0,0,0,0,0,0,0,0,0,0,0,0,0,0,0,0,0,0,0,0,0,0,0,0,0,0,0,0,0,0,0,0,0,0,0,0,0,0,0,0,0,0,0,0,"ASV_3","None","None",NA,NA,NA,NA,NA,NA,NA
"ASV_3040","gctcctaccgattgaatgatccggtgaaatgttcggatcgcggcgacgtgggcggttcgctgcccgcgacgtcgcgagaagtccattgaaccttatcatttagaggaaggagaagtcgtaacaaggtttca",0,0,0,0,0,0,0,0,0,0,0,0,0,0,0,0,0,0,0,0,0,0,0,0,0,0,0,0,0,0,0,0,0,0,0,0,0,0,0,0,0,0,0,0,0,0,0,0,0,0,0,0,0,0,0,0,0,0,0,0,0,0,0,0,0,0,0,0,0,0,0,0,0,0,0,0,0,0,0,0,0,0,0,0,0,0,0,0,0,0,0,0,0,0,0,0,0,0,0,0,0,0,41,0,0,0,0,0,0,0,0,0,0,0,0,0,0,0,0,0,0,0,0,0,0,0,"ASV_3040","High-MH","None","Eukaryota","Streptophyta","Magnoliopsida","Solanales","Solanaceae",NA,NA
"ASV_3071","gctcctaccgattgaatgatccggtgaagtgttcggatcgcgccgacggcggcggttcctgtcgccgacgtcgcgagaagttcattgaaccttatcatttagaggaaggagaagtcgtaacaaggttacc",0,0,0,0,0,0,0,0,0,0,0,0,0,0,0,0,0,0,0,58,9,0,50,0,0,0,0,0,0,0,0,0,0,0,0,0,0,0,0,0,0,0,0,0,0,0,0,0,0,0,0,0,0,0,0,0,0,0,0,0,0,0,0,0,0,0,0,0,0,0,0,0,0,0,0,0,0,0,0,0,0,0,0,0,0,0,0,0,0,0,0,0,0,0,0,0,0,0,0,0,0,0,0,0,0,0,0,0,0,0,0,0,0,0,0,0,0,0,0,0,0,0,0,0,0,0,"ASV_3071","High","3369","Eukaryota","Streptophyta","Pinopsida","Cupressales","Cupressaceae","Cryptomeria","Cryptomeria japonica"
"ASV_319","acaccatgggagttggttttacccgaagacggtacgctaacctcgcaagaggaggcagccggccacggtagggtcagcgactggggtgaagtcgtaacaaggtagcc",0,0,0,0,0,0,0,0,0,0,0,0,0,0,0,0,0,0,0,0,0,0,0,0,0,0,0,0,0,0,0,11,0,0,0,0,0,0,0,0,0,0,0,0,0,0,0,0,0,0,0,0,0,0,0,0,0,0,0,0,0,0,0,0,0,0,0,0,0,0,0,0,0,0,0,0,0,0,0,0,0,0,0,0,0,0,0,0,0,0,0,0,0,0,0,0,0,0,0,0,0,0,0,0,0,0,0,0,0,0,0,0,0,0,0,0,0,0,0,0,0,0,0,0,0,0,"ASV_319","Low","2033133","Bacteria","Pseudomonadota","Alphaproteobacteria","Hyphomicrobiales","Hyphomicrobiaceae","Methyloligella","Methyloligella sp."
"ASV_32716","acaccatgggagttggttctaccttaagcaggtgcgcgaacccgcaagggatgtagcttgccacggtagggtcagcgactggggtgaagtcgtaacaaggtagcc",0,0,0,0,0,0,0,0,2,0,0,0,0,0,0,0,0,0,0,0,0,0,0,0,0,0,0,0,0,0,0,0,0,0,0,0,0,0,0,0,0,0,0,0,0,0,0,0,0,0,0,0,0,0,0,0,0,0,0,0,0,0,0,0,0,0,0,0,0,0,0,0,0,0,0,0,0,0,0,0,0,0,0,0,0,0,0,0,0,0,0,0,0,0,0,0,0,0,0,0,0,0,0,0,0,0,0,4,0,0,0,0,0,0,0,0,0,0,0,0,0,0,0,0,0,0,"ASV_32716","High-MH","None","Bacteria",NA,NA,NA,NA,NA,NA
"ASV_33","gtttcttccgactgatactcattgtgagttgcaaggactctttattgggaaattgctgcgaatgctttgtattggaggaagaaaaagtcgtaacaaggttatc",0,0,0,0,0,0,0,0,0,0,2,0,0,0,0,0,0,0,0,0,0,0,0,0,0,0,0,0,0,0,0,0,0,0,0,0,0,0,0,0,0,0,0,0,0,0,0,0,0,0,0,0,0,0,0,0,0,0,0,0,0,0,0,0,0,0,0,2,0,0,0,0,0,0,0,0,0,0,0,0,0,0,0,0,0,0,0,0,0,0,0,0,0,0,0,0,0,0,0,0,0,0,0,0,0,0,0,0,0,0,0,0,0,0,0,0,0,0,0,0,0,0,0,0,0,0,"ASV_33","Low","2711279","Eukaryota","Apicomplexa","Conoidasida","Eugregarinorida","Cephaloidophoridae","Cephaloidophora","Cephaloidophora bipinnatae"
"ASV_3437","gctactaccgattgaatggctaagtgaggctttcggactgccttagggagggtggcaacacccacccagaggcggaaagttatccaaacttggtcatttagaggaagtaaaagtcgtaacaaggtttcc",0,0,0,0,0,0,0,0,0,0,0,0,0,0,0,0,0,0,35,0,0,0,0,0,0,0,0,0,0,0,0,0,0,0,0,0,0,0,0,0,0,0,0,0,0,0,0,0,0,0,0,0,0,0,0,0,0,0,0,0,0,0,0,0,0,0,0,0,0,0,0,0,0,0,0,0,0,0,0,0,0,0,0,0,0,0,0,0,0,0,0,0,0,0,0,0,0,0,0,0,0,0,0,0,0,0,0,0,0,0,0,0,0,0,0,0,0,0,0,0,0,0,0,0,0,0,"ASV_3437","High-MH","None","Eukaryota","Ascomycota","Leotiomycetes","Helotiales","Sclerotiniaceae",NA,NA
"ASV_34387","gctcctaccgattgaatggtccggaaccgcccccgacgtcgcgagaagtccattgaaccttatcatttagaggaaggagaagtcgtaacaaggtttcc",0,0,0,0,0,0,0,0,0,0,0,0,0,0,0,0,0,0,0,0,0,0,0,0,0,0,0,0,0,0,20,0,0,0,0,0,0,0,0,0,0,0,0,0,0,0,0,0,0,0,0,0,0,0,0,0,0,0,0,0,0,0,0,0,0,0,0,0,0,0,0,0,0,0,0,0,0,0,0,0,0,0,0,0,0,0,0,0,0,0,0,0,0,0,0,0,0,0,0,0,0,0,0,0,0,0,0,0,0,0,0,0,0,0,0,0,0,0,0,0,0,0,0,0,0,0,"ASV_34387","Low","4568","Eukaryota","Streptophyta","Magnoliopsida","Poales","Poaceae","Triticum","Triticum monococcum"
"ASV_34587","acaccatgggagttggttctacccgacgacgctgcgctaacctttcgagggggcaggcggccacggtaggatcagcgactggggtgaagtcgtaacaaggtagcc",0,0,0,0,0,0,0,0,0,0,0,0,0,0,0,0,0,0,0,0,0,0,0,0,0,0,0,0,0,0,0,0,0,0,0,0,0,0,0,0,0,0,0,0,0,0,0,0,0,0,0,0,0,0,0,0,0,0,0,0,0,0,0,0,0,0,0,0,0,0,0,0,0,0,0,0,0,0,0,0,0,0,0,0,0,0,0,0,0,0,2,0,0,0,0,0,0,0,0,0,0,0,0,0,0,0,0,0,0,0,0,0,0,0,0,0,0,0,0,0,0,0,0,0,0,0,"ASV_34587","High-MH","None","Bacteria","Pseudomonadota","Alphaproteobacteria","Rhodobacterales",NA,NA,NA
"ASV_3459","gctactaccgattgaatggcttagtgaggcctccggattggctattgggagctcgcgagagcacccgactgccgagaagttgtacgaacttggtcatttagaggaagtaaaagtcgtaacaaggtttcc",0,0,0,0,0,0,0,50,1184,0,0,0,13,0,0,0,0,0,0,0,0,0,0,0,0,0,0,0,0,0,0,0,0,0,0,0,0,0,0,0,0,0,0,0,0,0,0,0,0,0,0,0,0,0,0,0,0,0,0,0,0,0,0,0,0,0,0,0,0,0,0,0,0,0,0,0,0,0,0,0,0,0,0,0,0,0,0,0,0,0,0,0,0,0,0,0,0,0,0,0,0,0,0,0,0,0,0,0,0,0,0,0,0,0,0,0,0,0,0,0,0,0,0,0,0,0,"ASV_3459","High-MH","None","Eukaryota",NA,NA,NA,NA,NA,NA
"ASV_34673","gcttgtaccgattgaatggttaggtgaaactattggatttttttagtaataagaaaaaaaaatattttaacctcattatttagaggaacaagaagtcgtaacaaggtattc",0,0,0,0,0,0,0,0,0,0,0,0,0,0,0,0,0,0,0,0,0,0,0,0,0,0,0,0,0,0,0,0,0,0,0,0,0,0,0,0,0,0,0,0,0,0,0,0,0,0,0,0,0,0,0,0,0,0,0,0,0,0,0,0,0,0,0,0,0,0,0,0,0,0,0,0,0,0,0,0,0,0,0,0,0,0,0,0,0,6,0,0,0,0,0,0,0,0,0,0,0,0,0,0,0,0,0,0,0,0,0,0,0,0,0,0,0,0,0,0,0,0,0,0,0,0,"ASV_34673","None","None",NA,NA,NA,NA,NA,NA,NA
"ASV_3478","gctactaccgattgaatggcttagtgaggcctccggattggctattggaatcccgcgagggaatctaactgccgagaagttgtacgaacttggtcatttagaggaagtaaaagtcgtaacaaggtttcc",0,0,0,0,0,0,0,0,172,0,0,0,0,0,0,0,0,0,0,0,0,0,0,0,0,0,0,0,0,0,0,0,0,0,0,0,0,0,0,0,0,0,0,0,0,0,0,0,0,0,0,0,0,0,0,0,0,0,0,0,0,0,0,0,0,0,0,0,0,0,0,0,0,0,0,0,0,0,0,0,0,0,0,0,0,0,0,0,0,0,0,0,0,0,0,0,0,0,0,0,0,0,0,0,0,0,0,0,0,0,0,0,0,0,0,0,0,0,0,0,0,0,0,0,0,0,"ASV_3478","High-MH","None","Eukaryota","Basidiomycota","Microbotryomycetes","Sporidiobolales","Sporidiobolaceae","Sporobolomyces",NA
"ASV_363","gctactaccgattgaatggctcggtgaggccttcggactggcccagggaggtcggcaacgaccacccagggccggaaagttggtcaaacccggtcatttagaggaagtaaaagtcgtaacaaggtctcc",0,0,0,0,7,0,0,24,190,52,30,0,5,0,17,0,30,67,0,4,14,0,0,0,0,0,15,0,12,0,0,36,48,0,0,0,0,0,0,0,9,0,0,26,0,0,0,17,52,0,11,0,0,0,0,0,0,0,0,0,0,0,0,0,0,0,0,0,0,0,0,0,0,0,0,0,0,0,33,0,0,0,0,0,0,0,0,0,0,0,0,0,0,0,0,0,0,0,0,0,0,0,0,0,0,0,0,0,0,0,0,0,0,0,0,0,0,0,0,0,0,0,0,0,0,0,"ASV_363","High-MH","None","Eukaryota",NA,NA,NA,NA,NA,NA
"ASV_368","acaccacggaagtcggttgttccagaagtagttgagccaacccgcaagggaggcaggctaccaaggaatggctggtaactggggtgaagtcgtaacaaggtatcc",0,0,0,0,0,0,0,0,0,0,0,0,0,0,0,0,0,0,0,0,0,0,0,0,0,0,0,0,0,3,0,0,0,0,0,0,0,0,0,0,0,0,0,0,0,0,0,0,0,0,0,0,0,0,0,0,0,0,0,0,0,0,0,0,0,0,0,0,0,0,0,0,0,0,0,0,0,0,0,0,0,0,0,0,0,0,0,0,0,0,0,0,0,0,0,0,0,0,0,0,0,0,0,0,0,0,0,0,0,0,0,0,0,0,0,0,0,0,0,0,0,0,0,0,0,0,"ASV_368","Low","57","Bacteria","Myxococcota","","Polyangiales","Polyangiaceae","Polyangium","Polyangium sp."
"ASV_37390","gctcctaccgattgaatggtccggtgaagtgtttggatggtggcgatagaggtggttcgccgcctgtggcgtcgcgagaagtccactgaaccttatcatttagaggaaggagaagtcgtaacaaggtttcc",0,0,0,0,0,0,0,0,0,0,0,0,0,5,0,0,0,0,0,0,0,0,0,0,0,0,0,0,0,0,0,0,0,0,0,0,0,0,0,0,0,0,0,0,0,0,0,0,0,0,0,0,0,0,0,0,0,0,0,0,0,0,0,0,0,0,0,0,0,0,0,0,0,0,0,0,0,0,0,0,0,0,0,0,0,0,0,0,0,0,0,0,0,0,0,0,0,0,0,0,0,0,0,0,0,0,0,0,0,0,0,0,0,0,0,0,0,0,0,0,0,0,0,0,0,0,"ASV_37390","High-MH","None","Eukaryota","Streptophyta","Magnoliopsida","Asparagales","Amaryllidaceae","Allium",NA
"ASV_386","aatccactcgagcagggtctaaatgaggtcttatgttttaataagttcgaatttgggctcagtgagatggggtaagtcgtcacaaggtatcc",0,0,0,0,0,0,0,0,0,0,0,0,0,0,0,0,0,0,0,0,0,0,0,0,0,0,0,0,0,0,0,0,0,0,0,0,0,0,0,0,0,0,0,0,0,0,0,0,0,0,0,0,0,0,0,0,0,0,0,0,0,0,0,0,0,0,0,0,0,0,0,0,0,0,0,0,0,0,0,0,0,0,0,0,0,0,0,0,0,0,0,0,0,0,0,0,0,0,0,0,0,0,0,0,0,0,0,0,0,2,0,0,0,0,0,0,0,0,0,0,0,0,0,0,0,0,NA,NA,NA,NA,NA,NA,NA,NA,NA,NA
"ASV_3861","gctcctaccgattgaatggtccggtgaagtgttcggatcgcggcgactggggcggttcgccgcccccgacgtcgcgagaagtccattgaaccttatcatttagaggaaggagaagtcgtaacaaggtttcc",0,0,0,0,0,0,0,0,144,0,0,0,0,0,104,0,0,0,0,0,0,0,0,0,0,0,0,0,0,0,0,0,0,0,0,0,0,0,0,0,0,0,0,0,0,0,0,0,0,0,0,0,0,0,0,0,0,0,0,0,0,0,0,0,0,0,0,0,0,0,0,0,0,0,0,0,0,0,0,0,0,0,0,0,0,0,0,0,0,0,0,0,0,0,0,0,0,0,0,0,0,0,0,0,0,0,0,0,0,0,0,0,0,0,0,0,0,0,0,0,0,0,0,0,0,0,"ASV_3861","High-MH","None","Eukaryota",NA,NA,NA,NA,NA,NA
"ASV_397","gcacctaccgattgaatgactcggtgaaaaattgggaccgtgagtccgtttgcttcattgcgagtggattgatgggaacttttttaaacctcgccatttagaggaaggtgaagtcgtaacaaggtttcc",0,0,0,0,0,0,0,3,0,0,0,0,0,0,0,0,0,0,0,0,0,0,0,0,0,0,0,0,0,0,0,0,0,0,0,0,0,0,0,0,0,0,0,0,0,0,0,0,0,0,0,0,0,0,0,0,0,0,0,0,0,0,0,0,0,0,0,0,0,0,0,0,0,0,0,0,0,0,0,0,0,0,0,0,0,0,0,0,0,0,0,0,0,0,0,0,0,0,0,0,0,0,0,0,0,0,0,0,0,0,0,0,0,0,0,0,0,0,0,0,0,0,0,0,0,0,"ASV_397","High-MH","None","Eukaryota","Oomycota","","Peronosporales","Peronosporaceae",NA,NA
"ASV_4","acaccacgaaagttggttgtaccagaagtagttgagctaaccagcaatggaggcaggctaccaaggtatggctggtaattggggtgaagtcgtaacaaggtatcc",0,0,3,0,0,0,0,0,0,0,0,0,0,0,0,0,0,0,0,0,0,0,0,0,0,0,0,0,0,0,0,0,0,0,0,0,0,0,0,0,0,0,0,0,0,0,0,0,0,0,2,0,0,0,0,0,0,0,0,0,0,0,0,0,0,0,0,0,0,0,0,0,0,0,0,0,0,0,0,0,0,0,0,0,0,0,0,0,0,0,0,0,0,0,0,0,0,0,0,0,0,0,0,0,0,0,0,0,0,0,0,0,0,0,0,0,0,0,0,0,0,0,0,0,0,0,"ASV_4","Low","2795293","Bacteria","Thermodesulfobacteriota","Desulfobulbia","Desulfobulbales","Desulfobulbaceae","Desulfolithobacter","Desulfolithobacter dissulfuricans"
"ASV_4048","gctactaccgattgaatggcttagtgaggtctccggattggctttggggagccggcaacggcactctattgctgagaagctgatcaaacttggtcatttagaggaagtaaaagtcgtaacaaggtttcc",0,0,0,0,0,0,19,0,0,0,0,0,0,0,0,0,0,0,0,0,0,0,0,0,0,0,0,0,0,0,0,0,0,0,0,0,0,0,0,0,0,0,0,0,0,0,0,0,0,0,0,0,0,0,0,0,0,0,0,0,0,0,0,0,0,0,0,0,0,0,0,0,0,0,0,0,0,0,0,0,0,0,0,0,0,0,0,0,0,0,0,0,0,0,0,0,0,0,0,0,0,0,0,0,0,0,0,0,0,0,0,0,0,0,0,0,0,0,0,0,0,0,0,0,0,0,"ASV_4048","High-MH","None","Eukaryota","Basidiomycota","Agaricomycetes",NA,NA,NA,NA
"ASV_4096","gctactaccgattgaatggcttagtgagcctttgggattggcagcttgtaccggcaacggtagcaggcagccgaaaacttaggcaaacttggtcatttagaggaagtaaaagtcgtaacaaggtttct",0,0,0,0,0,0,0,0,0,0,0,0,0,0,0,0,0,0,0,0,0,0,0,0,177,0,0,0,0,0,0,0,0,0,0,0,0,0,0,0,0,0,0,0,0,0,0,0,0,0,0,0,0,0,0,0,0,0,0,0,0,0,0,0,0,0,0,0,0,0,0,0,0,0,0,0,0,0,0,0,0,0,0,0,0,0,0,0,0,0,0,0,0,0,0,0,0,0,0,0,0,0,0,0,0,0,0,0,0,0,0,0,0,0,0,0,0,0,0,0,0,0,0,0,0,0,"ASV_4096","High","76773","Eukaryota","Basidiomycota","Malasseziomycetes","Malasseziales","Malasseziaceae","Malassezia","Malassezia globosa"
"ASV_4104","acatcatggaagccggccgcacccgaagtgcgtgcgctaacttttagaagcagcgccctaaggtgtagctggtaactgggatgaagtcgtaacaaggtagcc",0,0,0,0,0,0,0,0,0,0,0,0,0,0,0,0,0,0,0,0,0,0,0,0,0,0,0,0,0,0,2,0,0,0,0,0,0,0,0,0,0,0,0,0,0,0,0,0,0,0,0,0,0,0,0,0,0,0,0,0,0,0,0,0,0,0,0,0,0,0,0,0,0,0,0,0,0,0,0,0,0,0,0,0,0,0,0,0,0,0,0,0,0,0,0,0,0,0,0,0,0,0,0,0,0,0,0,0,0,0,0,0,0,0,0,0,0,0,0,0,0,0,0,0,0,0,"ASV_4104","Low","2026800","Bacteria","Verrucomicrobiota","Verrucomicrobiae","Verrucomicrobiales","Verrucomicrobiaceae","","Verrucomicrobiaceae bacterium"
"ASV_42","gctagtaccgattgaatgatccggtgaggattcaggacggcagagctttagtttgcctgaaagggtaagcgggttcagccggaatttgttcaaaccgtgtcatttagaggaactaaaagtcgtaacaaggttttc",0,0,0,0,0,0,0,0,0,0,2,0,0,0,0,0,0,0,0,0,0,0,0,0,0,0,0,0,0,0,0,0,0,0,0,0,0,0,0,0,0,0,0,0,0,0,0,0,0,0,0,0,0,0,0,0,0,0,0,0,0,0,0,0,0,0,0,0,0,0,0,0,0,0,0,0,0,0,0,0,0,0,0,0,0,0,0,0,0,0,0,0,0,0,0,0,0,0,0,0,0,0,0,0,0,0,0,0,0,0,0,0,0,0,0,0,0,0,0,0,0,0,0,0,0,0,"ASV_42","High","315533","Eukaryota","Tubulinea","Elardia","Euamoebida","Hartmannellidae","Nolandella","Nolandella abertawensis"
"ASV_4308","gctactaccgattgaatggcttagtgaggtctccggattgactttggggagccggcaacggcatcctattgttgagaagctgatcaaacttggtcatttagaggaagtaaaagtcgtaacaaggtttcc",0,0,0,0,0,0,0,0,0,0,0,0,0,0,0,0,0,0,0,0,0,0,0,0,0,0,0,0,0,0,0,0,0,0,0,0,38,0,0,0,0,0,0,0,0,0,0,0,0,0,0,0,0,0,0,0,0,0,0,0,0,0,0,0,0,0,0,0,0,0,0,0,0,0,0,0,0,0,0,0,0,0,0,0,0,0,0,0,0,0,0,0,0,0,0,0,0,0,0,0,0,0,0,0,0,0,0,0,0,0,0,0,0,0,0,0,0,0,0,0,0,0,0,0,0,0,"ASV_4308","High-MH","None","Eukaryota","Basidiomycota","Agaricomycetes",NA,NA,NA,NA
"ASV_46","aaaccatgcgagttgggtttgagtgaggatgtagtttttgctacgttcaaacttaggcttagtaagcggggttaagtcgtaacaaggtatcc",0,0,0,0,0,0,0,0,0,0,0,0,0,0,0,0,0,0,0,0,0,0,0,0,0,0,0,0,0,0,0,0,0,0,0,0,0,0,0,0,0,0,0,0,0,0,0,0,0,0,0,0,0,0,0,0,0,0,0,0,0,0,0,0,0,0,0,0,0,0,0,0,0,0,0,0,0,0,0,0,0,0,0,0,0,0,0,0,0,0,0,0,0,0,0,0,0,0,0,0,0,0,0,0,0,0,0,0,0,0,0,2,0,0,0,0,0,0,0,0,0,0,0,0,0,0,"ASV_46","None","None",NA,NA,NA,NA,NA,NA,NA
"ASV_4668","gctactaccgattgaatggctcggtgaggccttcggactggctcaggggggttggcaacgaccccccagagccggaaagttggtcaaacccggtcatttagaggaagtaaaagtcgtaacaaggtttcc",0,0,0,0,0,0,0,0,0,0,0,0,0,0,0,0,0,0,0,0,0,0,0,0,0,0,0,0,0,0,0,0,0,0,0,0,0,0,0,0,0,0,0,0,0,0,0,0,0,0,0,0,0,0,0,0,0,0,0,0,0,0,0,0,0,0,0,0,0,0,0,0,0,0,0,0,0,0,0,0,0,0,0,0,0,0,0,0,0,0,0,0,0,0,0,0,0,0,0,0,0,0,0,0,38,0,0,0,0,0,0,0,0,0,0,0,0,0,0,0,0,0,0,0,0,0,"ASV_4668","High-MH","None","Eukaryota","Ascomycota","Eurotiomycetes","Eurotiales",NA,NA,NA
"ASV_4695","gctactaccgattgaatggctcggtgaggccttcggactggctcaggagggttggcaacgaccccccagagccggaaagttggtcaaacccggtcatttagaggaagtaaaagtcgtaacaaggtttcc",0,0,0,0,0,0,0,0,0,0,0,0,0,0,0,0,0,0,0,0,0,0,0,0,0,0,0,0,0,0,0,0,0,0,0,0,0,0,0,0,0,0,0,0,0,0,0,0,0,0,0,0,0,0,0,0,0,0,0,0,0,0,0,0,0,0,0,0,0,0,0,0,0,0,0,0,0,0,0,0,0,0,0,0,0,0,0,0,0,0,0,0,0,0,0,0,0,0,0,0,0,0,0,0,0,0,0,7,0,0,0,0,0,0,0,0,0,0,0,0,0,0,0,0,0,0,"ASV_4695","High-MH","None","Eukaryota","Ascomycota","Eurotiomycetes","Eurotiales",NA,NA,NA
"ASV_48","gcacctaccgattgaatggtctggtgaaccgtccggactttgagatttttcctttattggagattcacaagggaagttctgtaaaccctaccatttagaggaaggtgaagtcgtaacaaggtttcc",0,0,0,0,0,0,0,0,0,0,0,0,0,0,0,0,0,0,0,2,0,0,0,0,0,0,0,0,0,0,0,0,0,0,0,0,0,0,0,0,0,0,0,0,0,0,0,0,0,0,0,0,0,0,0,0,0,0,0,0,0,0,0,0,0,0,0,0,0,0,0,0,0,0,0,0,0,0,0,0,0,0,0,0,0,0,0,0,0,0,0,0,0,0,0,0,0,0,0,0,0,0,0,0,0,0,0,0,0,0,0,0,0,0,0,0,0,0,0,0,0,0,0,0,0,0,"ASV_48","None","None",NA,NA,NA,NA,NA,NA,NA
"ASV_5","gtttcttccgactgatactcattgtgagttgcaaggattctttactggagaattgctgcgaatgctttgtattggaggaagaaaaagtcgtaacaaggttatc",0,0,0,0,0,0,0,0,0,0,0,0,0,0,0,0,0,0,0,0,0,0,0,0,0,0,0,0,0,0,0,44,0,0,0,0,0,0,0,0,0,0,0,0,0,0,0,0,0,0,0,0,0,0,0,0,0,0,0,0,0,0,0,0,0,0,0,0,0,0,0,0,0,0,0,0,0,0,0,0,0,0,0,0,0,0,0,0,0,0,0,0,0,0,0,0,0,0,0,0,0,0,0,0,0,0,0,0,0,3,0,0,0,0,0,0,0,0,0,0,0,0,0,0,0,0,"ASV_5","Low","947086","Eukaryota","Apicomplexa","Conoidasida","Eugregarinorida","Cephaloidophoridae","Cephaloidophora","Cephaloidophora cf. communis"
"ASV_5353","gctactaccgattgaatggctcagtgaggccttgggactggcttaggagggttggcaacgaccccccagagccggaaacttggtcaaactcggtcatttagaggaagtacaagtcgtaacaaggtttcc",0,0,0,0,0,0,0,0,0,0,0,0,0,0,0,43,0,0,0,0,0,0,0,0,0,0,0,0,0,0,0,0,0,0,0,0,0,0,0,0,0,0,0,0,0,0,0,0,0,0,0,0,0,0,0,0,0,0,0,0,0,0,0,0,0,0,0,0,0,0,0,0,0,0,0,0,0,0,0,0,0,0,0,0,0,0,0,0,0,0,0,0,0,0,0,0,0,0,0,0,0,0,0,0,0,0,0,0,0,0,0,0,0,0,0,0,0,0,0,0,0,0,0,0,0,0,"ASV_5353","Low","70095","Eukaryota","Ascomycota","Eurotiomycetes","Eurotiales","Aspergillaceae","Penicillium","Penicillium fellutanum"
"ASV_5371","gctcctaccgattgaatgatccggtgaagtgttcggatcgcgccgacgacggcggttcctgtcggcgacgtcgcgagaagttcattgaaccttatcatttagaggaaggagaagtcgtaacaaggttacc",0,0,0,0,0,0,0,0,0,0,4,0,0,0,0,0,0,0,0,0,0,0,0,0,0,0,0,0,0,0,0,0,0,0,0,0,0,0,0,0,0,0,0,0,0,0,0,0,0,0,0,0,0,0,0,0,0,0,0,0,0,0,0,0,0,0,0,0,0,0,0,0,0,0,0,0,0,0,0,0,0,0,0,0,0,0,0,0,0,0,0,0,0,0,0,0,0,0,0,0,0,0,0,0,0,0,0,0,0,0,0,0,0,0,0,0,0,0,0,0,0,0,0,0,0,0,"ASV_5371","High-MH","None","Eukaryota","Streptophyta",NA,NA,NA,NA,NA
"ASV_5481","gctcctaccgattgaatggtccggtgaagtgttcggatcgcggcgacgcgggcggttcgctgcctgcgacgtcgcgagaagtccactgaaccttatcatttagaggaaggagaagtcgtaacaaggtttcc",0,0,0,0,0,0,0,0,0,0,0,0,0,35,0,0,0,0,0,0,0,0,0,0,0,0,0,0,0,0,0,0,0,0,0,0,0,0,0,0,0,0,0,0,0,0,0,0,0,0,0,0,0,0,0,0,0,0,0,0,0,0,0,0,0,0,0,0,0,0,0,0,0,0,0,0,0,0,0,0,0,0,0,0,0,0,0,0,0,0,0,0,0,0,0,0,0,0,0,0,0,0,0,0,0,0,0,0,0,0,0,0,0,0,0,0,0,0,0,0,0,0,0,0,0,0,"ASV_5481","High-MH","None","Eukaryota",NA,NA,NA,NA,NA,NA
"ASV_5838","gctactaccgattgaatggcttagtgagcctttgggatcggcagcttgtaccggcaacggtagcaggccgctgaaaacttaggcaaacttggtcatttagaggaagtaaaagtcgtaacaaggtttct",0,0,0,0,0,0,0,0,157,0,0,0,0,0,0,0,0,0,0,0,0,0,0,0,0,0,0,0,0,0,0,0,0,0,0,0,0,0,0,0,0,0,0,0,0,0,0,0,0,0,0,0,0,0,0,0,0,0,0,0,0,0,0,0,0,0,0,0,0,0,0,0,0,0,0,0,0,0,0,21,0,0,0,0,0,0,0,0,0,0,0,0,0,0,0,0,0,0,0,0,0,0,0,0,0,0,0,0,0,0,0,0,0,0,0,0,0,0,0,0,0,0,0,0,0,0,"ASV_5838","High-MH","None","Eukaryota",NA,NA,NA,NA,NA,NA
"ASV_5902","gctcctaccgattgggtgtgctggtgagatgtcgggattagtggctgtgggcggttcgccgccctctgccgctgagaacctcatcaaaccctcccacctagaggaaggagaagtcgtaacaaggttcct",0,0,0,0,0,0,26,0,0,0,0,0,0,0,0,0,0,0,0,0,0,0,0,0,0,0,0,0,0,0,0,0,0,0,0,0,0,0,0,0,0,0,0,0,0,0,0,0,0,0,0,0,0,0,0,0,0,0,0,0,0,0,0,0,0,0,0,0,0,0,0,0,0,0,0,0,0,0,0,0,0,0,0,0,0,0,0,0,0,0,0,0,0,0,0,0,0,0,0,0,0,0,0,0,0,0,0,0,0,0,0,0,0,0,0,0,0,0,0,0,0,0,0,0,0,0,"ASV_5902","High","904363","Eukaryota","Chlorophyta","Trebouxiophyceae","Chlorellales","Chlorellaceae","Apatococcus","Apatococcus lobatus"
"ASV_6407","acaccatgggaatttgttgcaccagaagtaggtagtctaaccgcaaggaggacgcttaccacggtgtggccgatgactggggtgaagtcgtaacaaggtagcc",0,0,0,0,0,0,0,0,0,0,0,0,0,0,0,0,0,0,0,0,0,0,0,0,0,0,0,0,0,0,0,0,0,0,0,0,0,0,0,0,0,0,0,0,0,0,0,0,0,0,0,0,0,0,0,0,0,0,0,0,0,0,0,0,0,0,0,0,0,0,0,0,0,0,0,2,0,0,0,0,0,0,0,0,0,0,0,0,0,0,0,0,0,0,0,0,0,0,0,0,0,0,0,0,0,0,0,0,0,0,0,0,0,0,0,0,0,0,0,0,0,0,0,0,0,0,"ASV_6407","High-MH","None","Bacteria",NA,NA,NA,NA,NA,NA
"ASV_6475","gctactaccgattgaatggcttagtgaggcttccggattgattaactggagagggcaacttttctggttgaacgagaagctagtcaaacttggtcatttagaggaagtaaaagtcgtaacaaggtttcc",0,0,0,0,0,0,0,0,0,0,0,0,0,0,0,0,0,0,0,0,0,0,0,0,0,0,0,0,0,0,0,0,0,0,0,0,0,0,0,0,0,0,0,0,0,0,0,0,0,0,0,0,0,0,0,0,0,0,0,0,0,0,0,0,0,0,0,15,0,0,0,0,0,0,0,0,0,0,0,0,0,0,0,0,0,0,0,0,0,0,0,0,0,0,0,0,0,0,0,0,0,0,0,0,0,0,0,0,0,0,0,0,0,0,0,0,0,0,0,0,0,0,0,0,0,0,"ASV_6475","High-MH","None","Eukaryota","Ascomycota","Saccharomycetes","Saccharomycetales",NA,NA,NA
"ASV_6515","gctactaccgattgaatggctaagtgaggctttcggactggcctagggagagtggcaacgctcgcccagggccggaaagttgtccaaacttggtcatttagaggaagtaaaagtcgtaacaaggtttcc",0,0,0,0,0,0,0,0,0,0,0,0,0,0,0,0,0,14,8,0,11,0,0,0,0,0,0,0,0,0,0,0,0,0,0,0,0,0,0,0,0,0,0,0,0,0,0,0,0,0,0,0,0,0,0,0,0,0,0,0,0,0,0,0,0,0,0,0,0,0,0,0,0,0,0,0,0,0,0,0,0,0,0,0,0,0,0,0,0,0,0,0,0,0,0,0,0,0,0,0,0,0,0,0,0,0,0,0,0,0,0,0,0,0,0,0,0,0,0,0,0,0,0,0,0,0,"ASV_6515","High-MH","None","Eukaryota","Ascomycota","Leotiomycetes",NA,NA,NA,NA
"ASV_66","acaccatgggagttggttttacccgaagccggtgcgctaaccgcaaggaggcagccgaccacggtaaggtcagcgactggggtgaagtcgtaacaaggtagcc",0,0,0,0,0,0,0,0,0,0,0,0,0,0,0,0,0,0,0,0,0,0,0,0,0,0,0,0,0,0,0,0,0,0,0,0,0,0,0,0,0,0,0,0,0,0,0,0,0,0,0,0,0,0,0,0,0,0,0,0,0,0,0,0,0,0,0,0,0,0,0,0,0,0,2,0,0,0,0,0,0,0,0,0,0,0,0,0,0,0,0,0,0,0,0,0,0,0,0,0,0,0,0,0,0,0,0,0,0,0,0,0,0,0,0,0,0,0,0,0,0,0,0,0,0,0,"ASV_66","High-MH","None","Bacteria",NA,NA,NA,NA,NA,NA
"ASV_6821","gctactaccgattgaatggcttagtgaggcctccggattggctattgggagctcgcgagagcacctaactgctgagaagttgtacgaacttggtcatttagaggaagtaaaagtcgtaacaaggtttcc",0,0,0,0,0,0,0,0,0,0,0,0,0,0,0,0,0,0,0,0,0,0,0,0,0,0,0,0,0,0,0,0,0,0,0,0,0,0,0,0,0,0,0,0,0,0,0,8,0,0,0,0,0,0,0,0,0,0,0,0,0,0,0,0,0,0,0,0,0,0,0,0,0,0,0,0,0,0,0,0,0,0,0,0,0,0,0,0,0,0,0,0,0,0,0,0,0,0,0,0,0,0,0,0,0,0,0,0,0,0,0,0,0,0,0,0,0,0,0,0,0,0,0,0,0,0,"ASV_6821","High-MH","None","Eukaryota",NA,NA,NA,NA,NA,NA
"ASV_6898","gctactaccgattgaatggcttagtgaggtcttcggatcggctttggggagccggcaacggcacctcattgctgagaagttgatcaaacttggtcatttagaggaagtaaaagtcgtaacaaggtttcc",0,0,0,0,0,0,0,0,0,0,0,0,0,0,0,0,0,0,0,0,0,0,0,0,0,0,0,0,0,0,56,0,0,0,0,0,0,0,0,0,0,0,0,0,0,0,0,0,0,0,0,0,0,0,0,0,0,0,0,0,0,0,0,0,0,0,0,0,0,0,0,0,0,0,0,0,0,0,0,0,0,0,0,0,0,0,0,0,0,0,0,0,0,0,0,0,0,0,0,0,0,0,0,0,0,0,0,0,0,0,0,0,0,0,0,0,0,0,0,0,0,0,0,0,0,0,"ASV_6898","High-MH","None","Eukaryota","Basidiomycota","Agaricomycetes","Agaricales",NA,NA,NA
"ASV_7","gctcctaccgattgaatggtccggtgaagcgttcggaccgcttcctctggacgggcaaccgtctgttggtcgtgggaagttcgttaaaccttatcatttagaggaaggagaagtcgtaacaaggtttcc",0,0,0,0,0,0,0,0,0,0,0,0,0,0,0,0,0,0,0,0,0,0,0,0,0,0,0,0,0,0,0,0,0,0,0,0,0,0,0,0,0,0,0,0,0,0,0,0,0,0,0,0,0,0,0,0,0,0,0,0,0,0,0,0,0,0,0,0,0,0,0,0,0,0,0,0,0,0,0,0,0,0,0,0,0,0,0,0,0,0,0,0,0,0,0,0,0,0,0,0,0,0,0,0,0,0,0,0,0,0,0,0,0,2,0,0,0,0,0,0,0,0,0,0,0,0,"ASV_7","High-MH","None","Eukaryota","Chlorophyta","Mamiellophyceae","Mamiellales","Mamiellaceae","Micromonas",NA
"ASV_715","gctactaccgattggatggtttagtgaggccctcggatcggccccgccggggtcggcccacggccctggcggagcgctgagaagacggtcgaacttgactatctagaggaagtaaaagtcgtaacaaggtttcc",0,0,0,0,0,0,0,0,0,0,85,0,12,0,0,0,0,0,0,0,0,61,0,0,129,79,0,0,0,0,0,94,0,0,40,0,0,0,0,0,0,0,0,0,0,0,0,0,0,0,0,149,0,0,0,0,0,0,81,0,17,0,0,0,0,0,0,0,0,0,81,0,0,0,0,0,0,5,0,0,0,76,0,0,0,0,0,0,0,0,0,0,0,0,0,0,0,0,0,0,0,0,0,0,0,0,0,0,0,0,0,0,0,0,0,0,0,0,0,0,0,0,0,0,0,0,"ASV_715","High-MH","None","Can't find taxa in database","Can't find taxa in database","Can't find taxa in database","Can't find taxa in database","Can't find taxa in database","Can't find taxa in database","Can't find taxa in database"
"ASV_737","gctcctaccgattgaatggtccggtgaagtgttcggatcgcggcgacgtgggcggttcgctgccggcgacgtcgcgagaagtccactgaaccttatcatttagaggaaggagaagtcgtaacaaggtttcc",0,0,0,0,0,0,0,0,0,0,0,0,0,0,0,0,0,0,0,0,0,0,0,0,0,0,0,0,0,0,0,0,0,0,0,0,0,0,0,0,0,0,0,12,0,0,25,0,0,0,0,0,14,0,0,0,0,0,0,0,0,0,0,0,0,0,0,0,0,0,0,0,0,0,0,0,0,0,0,0,0,0,0,0,0,0,0,0,0,0,0,0,0,0,0,0,0,0,0,0,0,0,0,0,0,0,0,0,0,0,0,0,0,0,0,0,0,0,0,0,0,0,0,0,0,0,"ASV_737","High-MH","None","Eukaryota","Streptophyta","Magnoliopsida",NA,NA,NA,NA
"ASV_7493","acaccacgaaagctgcctgaaccagaagtccgcaacccaaccgcaaggagggagcggcccaaggtttgggtggtgattggggtgaagtcgtaacaaggtagcc",0,0,0,0,0,0,0,0,0,0,0,0,0,0,0,0,0,0,0,0,0,0,0,0,0,0,0,0,0,0,9,0,0,0,0,0,0,0,0,0,0,0,0,0,0,0,0,0,0,0,0,0,0,0,0,0,0,0,0,0,0,0,0,0,0,0,0,0,0,0,0,0,0,0,0,0,0,0,0,0,0,0,0,0,0,0,0,0,0,0,0,0,0,0,0,0,0,0,0,0,0,0,0,0,0,0,0,0,0,0,0,0,0,0,0,0,0,0,0,0,0,0,0,0,0,0,"ASV_7493","None","None",NA,NA,NA,NA,NA,NA,NA
"ASV_75","acaccacggaagtcggttgttccagaagtagttgagctaaccttagggaggcaggctaccaaggaatggctggtaactggggtgaagtcgtaacaaggtatcc",0,0,0,0,0,0,0,0,0,0,0,0,0,0,0,0,0,0,0,0,0,0,0,0,0,0,0,0,0,0,14,0,0,0,0,0,0,0,0,0,0,0,0,0,28,0,0,0,0,0,0,0,0,0,0,0,0,0,0,0,0,0,0,0,0,0,0,0,0,0,0,0,0,0,0,0,0,0,0,0,0,0,0,0,0,0,0,0,0,0,0,0,0,0,0,0,0,0,0,0,0,0,0,0,0,0,0,0,0,0,0,0,0,0,0,0,0,0,0,0,0,0,0,0,0,0,"ASV_75","None","None",NA,NA,NA,NA,NA,NA,NA
"ASV_7735","gcacctaccgattgaatgactcggtgaaaaattgggaccgtgagtccgcttgcttcattgcgagtggattgatgggaacttttttaaacctcgccatttagaggaaggtgaagtcgtaacaaggtttcc",0,0,0,0,0,0,0,51,143,0,0,0,0,0,0,0,0,0,0,0,0,0,0,0,0,0,0,0,0,0,0,0,0,0,0,0,0,0,0,0,0,0,0,0,0,0,0,0,0,0,0,0,0,0,0,0,0,0,0,0,0,0,0,0,0,0,0,0,0,0,0,0,0,0,0,0,0,0,0,0,0,0,0,0,0,0,0,0,0,0,0,0,0,0,0,0,0,0,0,0,0,0,0,0,0,0,0,0,0,0,0,0,0,0,0,0,0,0,0,0,0,0,0,0,0,0,"ASV_7735","High-MH","None","Eukaryota","Oomycota","","Peronosporales","Peronosporaceae",NA,NA
"ASV_8","gcacctaccgattgaatggtccggtgaactgtccggacccggagacgtttcctttattggagatttctctgggaaagttccgtaaaccttaccatttagaggaaggtgaagtcgtaacaaggtttcc",0,0,0,0,0,0,0,0,0,0,0,0,0,0,0,0,0,0,0,0,0,0,0,0,0,0,0,0,0,0,0,0,0,0,0,0,0,0,0,0,0,0,0,0,0,0,0,2,0,0,0,0,0,0,0,0,0,0,0,0,0,0,0,0,0,0,0,0,0,0,0,0,0,0,0,0,0,0,0,0,0,0,0,0,0,0,0,0,0,0,0,0,0,0,0,0,0,0,0,2,0,0,0,0,0,0,0,0,0,0,0,0,0,0,0,0,0,0,0,0,0,0,0,0,0,0,"ASV_8","Low","1982032","Eukaryota","","Bigyra","Oblongichytrida","","Oblongichytrium","Oblongichytrium sp."
"ASV_865","gctcctaccgattgaatgatccggtgaaatgttcggatcgcggcgacgtgggcggttcgctgcccgcgacgtcgcgagaagtccattgaaccttatcatttagaggaaggagaagtcgtaacaaggtttcc",0,0,0,0,0,0,0,0,0,0,0,0,0,0,0,0,0,0,0,0,0,0,0,0,0,0,0,0,0,0,0,0,0,0,0,0,0,0,0,0,0,0,0,0,0,0,0,0,0,0,0,0,0,0,0,0,0,0,0,0,0,0,0,0,0,0,0,0,0,0,0,0,0,0,0,0,0,0,0,0,0,0,0,0,0,0,0,0,0,0,0,0,0,0,0,0,0,0,0,0,0,0,2,0,0,0,0,0,0,0,0,0,0,0,0,0,0,0,0,0,0,0,0,0,0,0,"ASV_865","High-MH","None","Eukaryota","Streptophyta","Magnoliopsida","Solanales","Solanaceae",NA,NA
"ASV_88","acaccatgggagttggttttacccgacgccggtgcgctaacctgcttgcaggaggcagccgaccacggtagagtcagcgactggggtgaagtcgtaacaaggtagcc",0,0,0,0,0,0,0,0,0,0,0,0,0,0,0,0,0,0,0,0,0,0,0,0,0,0,0,0,0,0,0,0,0,0,0,0,0,0,0,0,0,0,0,0,0,0,0,0,0,0,0,0,0,0,0,0,0,0,0,0,0,0,0,0,0,0,0,0,0,0,0,0,0,0,0,0,0,0,0,0,0,0,0,0,0,0,0,0,0,0,0,0,0,0,0,2,0,0,0,0,0,0,0,0,0,0,0,0,0,0,0,0,0,0,0,0,0,0,0,0,0,0,0,0,0,0,"ASV_88","Low","1892381","Bacteria","Pseudomonadota","Alphaproteobacteria","Maricaulales","Robiginitomaculaceae","Litorimonas","Litorimonas sp."
"ASV_8900","acgccatggaagccggtagtgcccgaagtccgtgacccaacctttgggagggagcggccgaaggcaagatcggtgactggggcgaagtcgtaacaaggtagcc",0,0,0,0,0,0,0,0,0,0,0,0,0,0,0,0,0,0,0,0,0,0,0,0,0,0,0,0,0,2,0,0,0,0,0,0,0,0,0,0,0,0,0,0,0,0,0,0,0,0,0,0,0,0,0,0,0,0,0,0,0,0,0,0,0,0,0,0,0,0,0,0,0,0,0,0,0,0,0,0,0,0,0,0,0,0,0,0,0,0,0,0,0,0,0,0,0,0,0,0,0,0,0,0,0,0,0,0,0,0,0,0,0,0,0,0,0,0,0,0,0,0,0,0,0,0,"ASV_8900","Low","2910168","Bacteria","Gemmatimonadota","Longimicrobiia","Longimicrobiales","","","Longimicrobiales bacterium"
"ASV_9","gcacctaccgattgaatgtttcggtgaaactttcggactacgatacggacgccctcgggcagctgcgttgtgggaagttatttaaacctcaacatttagaggaaggtgaagtcgtaacaaggtttcc",0,0,3,0,0,0,0,0,0,0,0,0,0,0,0,0,0,0,0,0,0,0,0,0,0,0,0,0,0,0,0,0,0,0,0,0,0,0,0,0,0,0,0,0,0,0,0,0,0,0,0,0,0,0,0,0,0,0,0,0,0,0,0,0,0,0,0,0,0,0,0,0,0,0,0,0,0,0,0,0,0,0,0,0,0,0,0,0,0,0,0,0,0,0,0,0,0,0,0,0,0,0,0,0,0,0,0,0,0,0,0,0,0,0,0,0,0,0,0,0,0,0,0,0,0,0,"ASV_9","Low","2600099","Eukaryota","","Chrysophyceae","Chromulinales","Chrysocapsaceae","Kremastochrysopsis","Kremastochrysopsis austriaca"
"ASV_9073","gctgctaccgattgaatgcattagtgagccttgaggatcgtcttttctgagggtaaaacttcggtctagatgagaatcaatacaaacttgcgcatttagaggaagcaaaagtcgtaacaaggtctcc",0,0,0,0,0,0,0,0,0,0,0,0,0,0,0,0,0,0,0,0,0,0,0,0,0,0,0,0,0,0,0,0,0,0,0,0,0,36,0,0,0,0,0,0,0,0,0,0,0,0,0,0,0,0,0,0,0,0,0,0,0,0,0,0,0,0,0,0,0,0,0,0,0,0,0,0,0,0,0,0,0,0,0,0,0,0,0,0,0,0,0,0,0,0,0,0,0,0,0,0,0,0,0,0,0,0,0,0,0,0,0,0,0,0,0,0,0,0,0,0,0,0,0,0,0,0,"ASV_9073","Low","1979800","Eukaryota","Cercozoa","","Cercomonadida","Cercomonadidae","Paracercomonas","Paracercomonas sp."
"ASV_91","gctcctactgattgagtgatgtgttgaagaatggggagttttgctgtgctttcattagtatagcgagataaactattctgaatcttgtcatttagaagaaggagaagtcgtaacaaggtttcc",0,0,0,0,0,0,0,0,0,0,0,0,0,0,0,0,0,0,0,0,0,0,0,0,0,0,0,0,0,0,0,0,0,0,0,0,0,0,0,2,0,0,0,0,0,0,0,0,0,0,0,0,0,0,0,0,0,0,0,0,0,0,0,0,0,0,0,0,0,0,0,0,0,0,0,0,0,0,0,0,0,0,0,0,0,0,0,0,0,0,0,0,0,0,0,0,0,0,0,0,0,0,0,0,0,0,0,0,0,0,0,0,0,0,0,0,0,0,0,0,0,0,0,0,0,0,"ASV_91","Low","2030826","Eukaryota","Endomyxa","Phytomyxea","Phagomyxida","","Maullinia","Maullinia braseltonii"
"ASV_9572","gctactaccgattgaatggcttagtgagacctccggattggctttggggagtcggcaacgacaccctattgctgagaagttggtcaaacttggtcatttagaggaagtaaaagtcgtaacaaggtttcc",0,0,0,0,0,0,0,0,0,0,0,0,0,0,0,0,34,0,0,0,0,0,0,0,0,0,0,0,0,0,0,0,0,0,0,0,0,0,0,0,0,0,0,0,0,0,0,0,0,0,0,0,0,0,0,0,0,0,0,0,0,0,0,0,0,0,0,0,0,0,0,0,0,0,0,0,0,0,0,0,0,0,0,0,0,0,0,0,0,0,0,0,0,0,0,0,0,0,0,0,0,0,0,0,0,0,0,0,0,0,0,0,0,0,0,0,0,0,0,0,0,0,0,0,0,0,"ASV_9572","High-MH","None","Eukaryota","Basidiomycota","Agaricomycetes",NA,NA,NA,NA
"ASV_975","aagccacgaaagtggggagggcttaaagtcgccaagctaaccttcgggaggcaggcgcctagagtcaactccgcgattgggactaagtcgtaacaaggtagcc",0,0,0,0,0,0,0,0,0,0,0,0,0,0,0,0,0,0,0,0,0,0,0,0,0,0,0,0,0,0,0,21,0,0,0,0,0,0,0,0,0,0,0,0,0,0,0,0,0,0,0,0,0,0,0,0,0,0,0,0,0,0,0,0,0,0,0,0,0,0,0,0,0,0,0,0,0,0,0,0,0,0,0,0,0,0,0,0,0,0,0,0,0,0,0,0,0,0,0,0,0,0,0,0,0,0,0,0,0,0,0,0,0,0,0,0,0,0,0,0,0,0,0,0,0,0,"ASV_975","High-MH","None","Bacteria","Planctomycetota","Planctomycetia","Pirellulales","Lacipirellulaceae",NA,NA
