"","unlist(B05.RIZ.asv)[match(rownames(B05.RIZ.neg.1), names(unlist(B05.RIZ.asv)))]","RIZ.B1.1.1.1","RIZ.B1.2.1.2","RIZ.B1.3.1.3","RIZ.B1.4.1.4","RIZ.B1.5.1.5","RIZ.B1.6.1.6","RIZ.B1.8.1.8","RIZ.B2.1.1.1","RIZ.B2.2.1.2","RIZ.B2.3.1.3","RIZ.B2.4.1.4","RIZ.B2.5.1.5","RIZ.B2.6.1.6","RIZ.B2.7.1.7","RIZ.B2.8.1.8","RIZ.B3.1.2.1","RIZ.B3.2.2.2","RIZ.B3.5.2.5","RIZ.B3.6.2.6","RIZ.B3.8.2.8","RIZ.B4.2.2.2","RIZ.B4.3.2.3","RIZ.B4.5.2.5","RIZ.B4.6.2.6","RIZ.B4.7.2.7","RIZ.B4.8.2.8","RIZ.B5.1.2.1","RIZ.B5.2.2.2","RIZ.B5.3.2.3","RIZ.B5.5.2.5","RIZ.B5.6.2.6","RIZ.B5.7.2.7","RIZ.B5.8.2.8","RIZ.B6.1.3.1","RIZ.B6.2.3.2","RIZ.B6.3.3.3","RIZ.B6.4.3.4","RIZ.B6.7.3.7","RIZ.B6.8.3.8","RIZ.B7.1.3.1","RIZ.B7.2.3.2","RIZ.B7.3.3.3","RIZ.B7.5.3.5","RIZ.B7.6.3.6","RIZ.B8.1.3.1","RIZ.B8.3.3.3","RIZ.B8.5.3.5","RIZ.B8.6.3.6","RIZ.B8.7.3.7","RIZ.B8.8.3.8","RIZ.Neg1.1.1.1","RIZ.Neg1.2.1.2","RIZ.Neg1.3.1.3","RIZ.Neg1.4.1.4","RIZ.Neg1.5.1.5","RIZ.Neg1.6.1.6","RIZ.Neg1.7.1.7","RIZ.Neg1.8.1.8","RIZ.Neg2.1.1.1","RIZ.Neg2.2.1.2","RIZ.Neg2.4.1.4","RIZ.Neg2.5.1.5","RIZ.Neg2.6.1.6","RIZ.Neg2.7.1.7","RIZ.Neg3.2.1.2","RIZ.Neg3.4.1.4","RIZ.Neg3.5.1.5","RIZ.Neg3.6.1.6","RIZ.Neg3.7.1.7","RIZ.Neg4.2.2.2","RIZ.Neg4.3.2.3","RIZ.Neg4.4.2.4","RIZ.Neg4.5.2.5","RIZ.Neg4.6.2.6","RIZ.Neg5.2.2.2","RIZ.Neg5.3.2.3","RIZ.Neg5.5.2.5","RIZ.Neg5.6.2.6","RIZ.Neg5.8.2.8","RIZ.Neg6.2.3.2","RIZ.Neg6.3.3.3","RIZ.Neg6.5.3.5","RIZ.Neg6.8.3.8","RIZ.Neg7.1.3.1","RIZ.Neg7.2.3.2","RIZ.Neg7.4.3.4","RIZ.Neg7.5.3.5","RIZ.Neg7.8.3.8","RIZ.Neg8.1.3.1","RIZ.Neg8.2.3.2","RIZ.Neg8.3.3.3","RIZ.Neg8.4.3.4","RIZ.Neg8.7.3.7","RIZ.Neg8.8.3.8","RIZ.Neg9.1.3.6","RIZ.Neg9.2.3.6","RIZ.B1.7.1.7","RIZ.B3.4.2.4","RIZ.B6.6.3.6","RIZ.B7.4.3.4","RIZ.B7.7.3.7","RIZ.B7.8.3.8","RIZ.Neg3.8.1.8","RIZ.Neg4.1.2.1","RIZ.Neg4.8.2.8","RIZ.Neg5.1.2.1","RIZ.Neg5.4.2.4","RIZ.Neg6.1.3.1","RIZ.Neg6.7.3.7","RIZ.Neg7.3.3.3","RIZ.Neg9.3.3.6","OTU","assignmentQual","taxID","superkingdom","phylum","class","order","family","genus","species"
"ASV_1","ttagccctaaacctcaacagttaaatcaacaaaactgctcgccagaacactacgagccacagcttaaaactcaaaggacctggcggtgcttcatatccct",74462,0,0,10,0,0,0,0,0,28950,8,0,155474,0,0,16800,0,2,0,0,20003,15715,76563,117903,1578,0,0,3,0,16,116168,2,0,0,48977,1121,0,0,36372,0,0,0,0,0,0,0,24839,0,0,0,0,0,0,18,0,4,0,0,0,0,0,0,6,0,0,0,0,0,2,0,0,0,0,10,0,0,0,0,4,0,1678,0,0,3,0,0,3,2,0,0,3,0,0,0,3,4,0,0,0,0,3,0,0,0,0,0,0,0,0,0,0,"ASV_1","High","9606","Eukaryota","Chordata","Mammalia","Primates","Hominidae","Homo","Homo sapiens"
"ASV_2","ctagtcgtaaactttgatggtaaaatacatataccattcgccggggaactacaagcgtatagcttaaaacccaacggacttggcggtgccccacaccccac",0,0,0,0,0,0,2,2,2,0,0,0,3,2,0,0,0,0,0,0,0,0,0,0,0,0,0,0,0,0,0,0,0,0,0,0,0,0,0,0,0,0,0,5,0,0,0,0,0,0,0,0,0,0,0,0,0,0,0,0,0,0,0,0,0,0,0,0,0,0,0,0,0,0,0,0,0,0,0,0,0,0,0,0,0,0,0,0,0,0,0,0,0,0,0,0,0,0,0,0,0,0,0,0,0,0,0,0,0,0,0,"ASV_2","High","113544","Eukaryota","Chordata","Actinopteri","Osteoglossiformes","Osteoglossidae","Arapaima","Arapaima gigas"
"ASV_3","ttagccataaaccccagtagtcacaaaacaagactattcgccagagtactactagcaacagcttaaaactcaaaggacttggcggtgcttcatacccct",0,0,0,8,0,0,0,0,0,0,2,0,0,0,0,0,0,0,4,2,0,0,0,2,0,0,0,0,0,0,0,0,0,0,0,0,0,0,0,0,0,0,0,0,0,0,0,0,0,0,0,0,0,4,0,0,0,0,0,0,0,0,2,0,0,0,0,0,0,0,0,0,0,3,0,0,0,0,0,0,0,0,0,0,0,0,0,0,0,0,0,0,0,0,0,0,0,0,0,0,0,0,0,0,0,0,0,0,0,0,0,"ASV_3","High","9771","Eukaryota","Chordata","Mammalia","Artiodactyla","Balaenopteridae","Balaenoptera","Balaenoptera musculus"
"ASV_4","ctagtcgtaaactttgatggtaaaatacatataccattcgccagggaactacaagcgtatagcttaaaacccaacggacttggcggtgccccacaccccac",0,0,0,0,0,0,0,0,0,0,0,2,3,0,0,0,0,0,0,0,0,0,0,0,0,0,0,0,0,0,0,0,0,0,0,0,0,0,0,5,0,0,2,5,0,0,0,0,0,0,0,0,0,0,0,0,0,0,0,0,0,0,0,0,0,0,0,0,0,0,0,0,0,0,0,0,0,0,0,0,0,0,0,0,0,0,0,0,0,0,0,0,0,0,0,0,0,0,0,0,0,0,0,0,0,0,0,0,0,0,0,"ASV_4","High","113544","Eukaryota","Chordata","Actinopteri","Osteoglossiformes","Osteoglossidae","Arapaima","Arapaima gigas"
"ASV_5","ttagccctaaacataaataattcacgtaacaaaattattcgccagagaactactagcaacagcttaaaactcaaaggacttggcggtgcttcacacccct",0,0,0,0,0,0,0,0,0,0,4,0,0,0,0,0,0,0,0,0,0,0,2,11,0,0,0,0,0,0,0,0,0,0,0,0,0,0,0,0,0,504,0,0,0,512,0,0,0,0,0,0,0,8,0,0,2,0,0,0,0,0,2,0,0,0,0,0,0,0,0,0,0,0,2,0,0,0,0,0,0,0,0,2,0,0,0,0,0,0,0,0,0,0,0,0,0,0,0,0,0,0,0,0,0,0,0,0,0,0,0,"ASV_5","High-MH","None","Eukaryota","Chordata","Mammalia","Carnivora","Phocidae",NA,NA
"ASV_6","ctagccttaaacattgatgatatcttacaattatcatccgcctgggaactacgagcatcagcttaaaacccaaaggacttggcggtgctttagacccac",0,0,3,18,2,0,0,0,0,0,0,0,0,0,0,0,0,0,0,0,0,0,0,0,0,0,0,0,0,0,0,0,0,0,0,0,0,0,0,0,0,0,0,0,0,0,0,0,0,0,0,0,0,0,0,0,0,0,0,0,0,0,0,0,0,0,0,0,0,0,0,0,0,0,0,0,0,0,0,0,0,0,0,0,0,0,0,0,0,0,0,0,0,0,0,0,0,0,0,0,0,0,0,0,0,0,0,0,0,0,0,"ASV_6","High-MH","None","Eukaryota","Chordata","Actinopteri","Acanthuriformes","Acanthuridae","Acanthurus",NA
"ASV_7","ttagccctaaacatcgatcgtttactacatcaaacatccgcctgggaattacgaacactagtttaaaacccaaaggacttggcggtgcttaacatccac",0,0,0,3,0,0,0,0,0,0,0,0,0,0,0,0,0,0,0,0,0,0,0,0,0,0,0,0,0,0,3,0,0,0,0,0,0,0,0,0,0,0,0,0,0,0,0,0,0,0,0,0,0,6,0,0,0,0,0,0,0,0,0,0,0,0,0,0,0,0,0,0,2,0,0,0,0,0,0,0,0,0,0,0,0,0,0,0,0,0,0,0,0,0,0,0,0,0,0,0,0,0,0,0,0,0,0,0,0,0,0,"ASV_7","High","326724","Eukaryota","Chordata","Actinopteri","Carangiformes","Carangidae","Gnathanodon","Gnathanodon speciosus"
"ASV_8","ttagccttaaacataaataattcacgtaacaaaattattcgccagagaactactagcaacagcttaaaactcaaaggacttggcggtgcttcacacccct",0,0,0,0,0,0,0,0,0,0,8,0,2,0,0,0,0,0,0,0,0,0,0,0,0,0,0,0,0,0,0,0,0,0,0,0,0,0,0,0,0,0,0,0,0,0,0,0,0,0,0,0,0,0,0,0,0,0,0,0,3,0,0,0,0,0,0,0,0,0,0,0,0,0,0,0,0,0,0,0,0,0,0,0,0,0,0,0,0,0,0,0,0,0,0,0,0,0,0,0,0,0,0,0,0,0,0,0,0,0,0,"ASV_8","High","39089","Eukaryota","Chordata","Mammalia","Carnivora","Phocidae","Phoca","Phoca groenlandica"
"ASV_9","ttagccataaactttgatgttaatttacacctaatatccgccagggaactacaagcgttagcttaaaacccaaaggacttggcggtgcctcacacccac",0,0,0,0,0,0,0,0,0,0,3,0,0,0,0,0,0,0,0,0,0,0,0,5,0,0,0,0,0,0,0,0,0,0,0,0,0,0,0,0,0,0,0,0,0,0,0,0,0,0,0,0,0,0,0,0,0,0,0,0,0,0,0,0,0,0,0,0,0,0,0,0,0,0,0,0,0,0,0,0,0,0,0,0,0,0,0,0,0,0,0,0,0,0,0,0,0,0,0,0,0,0,0,0,0,0,0,0,0,0,0,"ASV_9","High","30960","Eukaryota","Chordata","Actinopteri","Osmeriformes","Salangidae","Mallotus","Mallotus villosus"
"ASV_10","ccgtgagtgttatgagcgagcgttaaaacgcgcaacccatgaagacattatgattgggttagagaagctcctgaaatacccgccttatgatgaaattaaattctgtccctatccttcttcatggttgaatggggactgttgg",0,0,0,0,0,0,0,0,0,0,0,0,0,0,0,0,0,0,0,0,0,0,0,0,0,0,0,0,0,0,0,0,0,0,0,0,0,0,0,0,0,0,0,0,0,0,0,0,0,0,0,0,0,13,0,0,0,0,0,0,0,0,0,0,0,0,0,0,0,0,0,0,0,3,0,0,0,0,0,0,0,0,0,0,0,0,0,0,0,0,0,0,0,0,0,0,0,0,0,0,0,0,0,0,0,0,0,0,0,0,0,NA,NA,NA,NA,NA,NA,NA,NA,NA,NA
"ASV_11","ctagccgtaaaccttgatagaaatatacaattgatatccgccagggaactacaagcgccagcttaaaacccaaaggacttggcggtgcctcagacccac",0,0,0,0,0,0,0,0,0,0,0,0,0,0,0,0,0,0,0,0,0,0,0,0,0,0,0,0,0,0,2,0,0,0,0,0,0,0,0,0,0,0,0,0,0,0,0,0,0,0,0,0,0,3,0,0,0,0,0,0,0,0,0,0,0,0,0,0,0,0,0,0,0,0,0,0,0,0,0,0,0,0,0,2,0,0,0,0,0,0,0,0,0,0,0,0,0,0,0,0,0,0,0,0,0,0,0,0,0,0,0,"ASV_11","High-MH","None","Eukaryota","Chordata","Actinopteri","Salmoniformes","Salmonidae",NA,NA
"ASV_12","gtagccataaacattgatagtatcacatattttctatccgcccgggaactacgagcgagagcttaaaacccaatggacttggcggtgctttagaccccc",0,0,0,0,0,0,0,0,0,0,0,0,0,0,0,0,0,0,0,0,0,0,0,0,0,0,0,0,0,0,0,0,0,0,0,0,0,0,0,0,0,0,0,0,0,0,0,0,0,0,0,0,0,2,0,0,0,0,0,0,0,0,0,0,0,0,0,0,0,0,0,0,0,0,0,0,0,0,0,0,0,0,0,0,0,0,0,0,0,0,0,0,0,0,0,0,0,0,0,0,0,0,0,0,0,0,0,0,0,0,0,"ASV_12","High","241271","Eukaryota","Chordata","Actinopteri","Labriformes","Labridae","Cheilinus","Cheilinus undulatus"
"ASV_13","ttagccctaaacatcgatcgtttactacatcaaacatccgcctgggaattacgaacattagtttaaaacccaaaggacttggcggtgcttaatatccac",0,0,0,0,0,0,0,0,0,0,0,0,0,0,0,0,0,0,0,0,0,0,0,0,0,0,0,0,0,0,0,0,0,0,0,0,0,0,0,0,0,0,0,0,0,0,0,0,0,0,0,0,0,6,0,0,0,0,0,0,0,0,0,0,0,0,0,0,0,0,0,0,0,0,0,0,0,0,0,0,0,0,0,2,0,0,0,0,0,0,0,0,0,0,0,0,0,0,0,0,0,0,0,0,0,0,0,0,0,0,0,"ASV_13","High","326724","Eukaryota","Chordata","Actinopteri","Carangiformes","Carangidae","Gnathanodon","Gnathanodon speciosus"
"ASV_14","gcagccgtaaacattgatagtaagactacaaccactatccgcccgggaactacgagcataagcttaaaacccaaaggacttggcggtgctttagacccac",0,0,0,0,0,0,0,0,0,0,0,0,2,0,0,0,0,0,0,0,0,0,0,0,0,0,0,0,0,0,0,0,0,0,0,0,0,0,0,0,0,0,0,0,0,0,0,0,0,0,0,0,0,0,0,0,0,0,0,0,0,0,0,0,0,0,0,0,0,0,0,0,0,0,0,0,0,0,0,0,0,0,0,0,0,0,0,0,0,0,0,0,0,0,0,0,0,0,0,0,0,0,0,0,0,0,0,0,0,0,0,"ASV_14","Low","245709","Eukaryota","Chordata","Actinopteri","Tetraodontiformes","Ostraciidae","Tetrosomus","Tetrosomus concatenatus"
"ASV_15","ttagtcgtaaacttaaatagtcctaaaacaagactattcgccagagtactatcggcaacagcccaaaactcaaaggacttggcggtgcttcatatcctt",0,0,0,0,0,0,0,0,0,0,0,0,0,0,0,0,0,0,0,0,0,0,0,0,0,0,0,0,0,0,0,0,0,0,0,0,0,0,0,0,0,0,0,0,0,0,0,0,0,0,0,0,0,0,0,0,0,0,0,0,3,0,0,0,0,0,0,0,0,0,0,0,0,0,0,0,0,0,0,0,0,0,0,0,0,0,0,0,0,0,0,0,0,0,0,0,0,0,0,0,0,0,0,0,0,0,0,0,0,0,0,"ASV_15","High-MH","None","Eukaryota","Chordata","Mammalia","Artiodactyla","Delphinidae",NA,NA
"ASV_16","ctagccgtaaacataaaggaaattttatacgtccttcgccagggaacaacgagccccagcttaaaacccaaaggacttggcggtgctttagacccac",0,0,0,0,0,0,0,0,0,0,0,0,0,0,0,0,0,0,0,0,0,0,0,0,0,0,0,0,0,0,2,0,0,0,0,0,0,0,0,0,0,0,0,0,0,0,0,0,0,0,0,0,0,2,0,0,0,0,0,0,0,0,0,0,0,0,0,0,0,0,0,0,0,0,0,0,0,0,0,0,0,0,0,0,0,0,0,0,0,0,0,0,0,0,0,0,0,0,0,0,0,0,0,0,0,0,0,0,0,0,0,"ASV_16","High","47308","Eukaryota","Chordata","Actinopteri","Gobiiformes","Gobiidae","Neogobius","Neogobius melanostomus"
"ASV_18","acgtgagtgttatgagcgagccttaaaacgcgcaacccacgaagacattatggcgggattagagaagctcctgaaatacccgtcttatgatgatatcaaattctgtccttatccgtcttcatggttgaatggggactgttgg",0,0,0,0,0,0,0,0,0,0,0,0,0,0,0,0,0,0,0,0,0,0,0,0,0,0,0,0,0,0,0,0,0,0,0,4,0,0,0,0,0,0,0,0,0,0,0,0,0,0,0,0,0,0,0,0,0,0,0,0,0,0,0,0,0,0,0,0,0,0,0,0,0,0,0,0,0,0,0,0,0,0,0,0,0,0,0,0,0,0,0,0,0,0,0,0,0,0,0,0,0,0,0,0,0,0,0,0,0,0,0,NA,NA,NA,NA,NA,NA,NA,NA,NA,NA
"ASV_19","gttcaatagtcctgccaagtggtaaaaagattatattatcagacactgtgggtttcatatctcacttgccgcatgagcttgtagccgcctttagagccacg",0,0,0,2,0,0,0,0,0,0,0,0,0,0,0,0,0,0,0,0,0,0,0,0,0,0,0,0,0,0,0,0,0,0,0,0,0,0,0,0,0,0,0,0,0,0,0,0,0,0,0,0,0,0,0,0,0,0,0,0,0,0,0,0,0,0,0,0,0,0,0,0,0,0,0,0,0,0,0,0,0,0,0,0,0,0,0,0,0,0,0,0,0,0,0,0,0,0,0,0,0,0,0,0,0,0,0,0,0,0,0,NA,NA,NA,NA,NA,NA,NA,NA,NA,NA
"ASV_20","ctagccataaacattgatagtaaactacacctactatccgcccgggaactacgagcatcagcttgaaacccaaaggacttggcggtgctttagatccac",0,0,0,0,0,0,0,0,0,0,0,0,0,0,0,0,0,0,0,0,0,0,0,0,0,0,0,0,0,0,0,0,0,0,0,0,0,0,0,0,0,0,0,0,0,0,0,0,0,0,0,0,0,7,0,0,0,0,0,0,0,0,0,0,0,0,0,0,0,0,0,0,0,0,0,0,0,0,0,0,0,0,0,0,0,0,0,0,0,0,0,0,0,0,0,0,0,0,0,0,0,0,0,0,0,0,0,0,0,0,0,"ASV_20","High-MH","None","Eukaryota","Chordata","Actinopteri","Lutjaniformes","Lutjanidae","Lutjanus",NA
"ASV_22","ttagctataaactcagatgcaagacatacaaatagcatccgccagggtactacaagcgctagcttaaaacccaaaggacttgacggtgtctcagacccgc",0,0,0,0,0,0,0,0,0,0,0,0,0,0,0,0,0,0,0,0,0,0,0,0,0,0,0,0,0,0,0,0,0,0,0,0,0,0,0,0,0,0,0,3,0,0,0,0,0,0,0,0,0,0,0,0,0,0,0,0,0,0,0,0,0,0,0,0,0,0,0,0,0,0,0,0,0,0,0,0,0,0,0,0,0,0,0,0,0,0,0,0,0,0,0,0,0,0,0,0,0,0,0,0,0,0,0,0,0,0,0,"ASV_22","High-MH","None","Eukaryota","Chordata","Actinopteri",NA,NA,NA,NA
"ASV_23","ttaaccataaacatagctattaataacctaccttaatattcgccagaacactacaagcgctagcttaaaacctaaaggacttggcggtgctccaaacccac",0,0,0,0,0,0,0,0,0,0,0,0,2,0,0,0,0,0,0,0,0,0,0,0,0,0,0,0,0,0,0,0,0,0,0,0,0,0,0,0,0,0,0,0,0,0,0,0,0,0,0,0,0,0,0,0,0,0,0,0,0,0,0,0,0,0,0,0,0,0,0,0,0,0,0,0,0,0,0,0,0,0,0,0,0,0,0,0,0,0,0,0,0,0,0,0,0,0,0,0,0,0,0,0,0,0,0,0,0,0,0,"ASV_23","High-MH","None","Eukaryota","Chordata","Chondrichthyes","Myliobatiformes","Potamotrygonidae","Potamotrygon",NA
"ASV_24","ctagccttaaactttgatgataatcttacaactatcatccgcctgggaactacgagcattagcttaaaacccaaaggacttggcggtgctttagacccac",0,0,0,4,0,0,0,0,0,0,0,0,0,0,0,0,0,0,0,0,0,0,0,0,0,0,0,0,0,0,0,0,0,0,0,0,0,0,0,0,0,0,0,0,0,0,0,0,0,0,0,0,0,0,0,0,0,0,0,0,0,0,0,0,0,0,0,0,0,0,0,0,0,0,0,0,0,0,0,0,0,0,0,0,0,0,0,0,0,0,0,0,0,0,0,0,0,0,0,0,0,0,0,0,0,0,0,0,0,0,0,"ASV_24","High","238053","Eukaryota","Chordata","Actinopteri","Acanthuriformes","Acanthuridae","Acanthurus","Acanthurus olivaceus"
"ASV_27","ttagccctaaacctcaacagttaaatcaacaaaactgctcgccagaacactacgagccacagcttaaaactcaaaggacctggcggtgcttcatacccct",549,0,0,0,0,0,0,0,0,56,0,0,347,0,0,37,0,0,0,0,36,52,176,249,3,0,0,0,0,0,8281,0,0,0,101,2,0,0,56,0,0,0,0,0,0,0,64,0,0,0,0,0,0,0,0,0,0,0,0,0,0,0,0,0,0,0,0,0,0,0,0,0,0,0,0,0,0,0,0,0,4,0,0,0,0,0,0,0,0,0,0,0,0,0,0,0,0,0,0,0,0,0,0,0,0,0,0,0,0,0,0,"ASV_27","High","9606","Eukaryota","Chordata","Mammalia","Primates","Hominidae","Homo","Homo sapiens"
"ASV_30","acgtgagtgttatgagcgagctttaaagcgcgcaacccatgaagacattatggcaggattagagaagctcctgaaatacccgtcttatgacgatattaaattctgtccctatccatcttcatggttgaatggggactgttgg",0,0,0,0,0,0,0,0,0,0,0,0,0,0,0,0,0,0,0,0,0,0,0,0,0,0,0,0,0,0,0,0,0,0,0,3,0,0,0,0,0,0,0,0,0,0,0,0,0,0,0,0,0,0,0,0,0,0,0,0,0,0,0,0,0,0,0,0,0,0,0,0,0,0,0,0,0,0,0,0,0,0,0,0,0,0,0,0,0,0,0,0,0,0,0,0,0,0,0,0,0,0,0,0,0,0,0,0,0,0,0,NA,NA,NA,NA,NA,NA,NA,NA,NA,NA
"ASV_31","ctagccgtaaacattgatagaattatacacccttctatccgcctggatattacgagcattagcttgaaacccaaaggacttggcggtactttagatcccc",0,0,0,0,0,0,0,0,0,0,0,0,0,0,0,0,0,0,0,0,0,0,0,0,0,0,0,0,0,0,0,0,0,0,0,0,0,0,0,0,0,0,0,0,0,0,0,0,0,0,0,0,0,3,0,0,0,0,0,0,0,0,0,0,0,0,0,0,0,0,0,0,0,0,0,0,0,0,0,0,0,0,0,0,0,0,0,0,0,0,0,0,0,0,0,0,0,0,0,0,0,0,0,0,0,0,0,0,0,0,0,"ASV_31","High","13677","Eukaryota","Chordata","Actinopteri","Scombriformes","Scombridae","Scomber","Scomber scombrus"
"ASV_33","ttagccctaaacctcaacagttaaatcaacaaaactgctcgccagaacactacgagccacagcttaaaactcaaaggacctggcggtgcttcatatcccc",216,0,0,2,0,0,0,0,0,32,0,0,665,0,0,5574,0,0,0,0,42,6581,123,167,0,0,0,0,0,0,145,0,0,0,123,0,0,0,54,0,0,0,0,0,0,0,9270,0,0,0,0,0,0,0,0,0,0,0,0,0,0,0,0,0,0,0,0,0,0,0,0,0,0,0,0,0,0,0,0,0,6,0,0,0,0,0,0,0,0,0,0,0,0,0,0,0,0,0,0,0,0,0,0,0,0,0,0,0,0,0,0,"ASV_33","High","9606","Eukaryota","Chordata","Mammalia","Primates","Hominidae","Homo","Homo sapiens"
"ASV_39","ttagccctaaactataatagttatattaacaaaaccattcgccagaatactagaagcaatagcttaaaactcaaaggacttggcggtgctttatatccct",0,0,0,0,0,0,0,0,0,0,0,0,0,0,0,0,0,0,2,0,0,0,0,0,0,0,0,0,0,0,0,0,0,0,0,0,0,0,0,0,0,0,0,0,0,0,0,0,0,0,0,0,0,0,0,0,0,0,0,0,0,0,0,0,0,0,0,0,0,0,0,0,0,0,0,0,0,0,0,0,0,0,0,0,0,0,0,0,0,0,0,0,0,0,0,0,0,0,0,0,0,0,0,0,0,0,0,0,0,0,0,"ASV_39","High","9606","Eukaryota","Chordata","Mammalia","Primates","Hominidae","Homo","Homo sapiens"
"ASV_40","ctagtcgtaaacctaaatagtcctaaaacaagactattcgccagagtactatcggcaacagcccaaaactcaaaggacttggcggtgcttcatatcctt",0,0,0,0,0,0,0,0,0,0,0,0,0,0,0,0,0,0,0,0,0,0,0,0,0,0,0,0,0,0,2,0,0,0,0,0,0,0,0,0,0,0,0,0,0,0,0,0,0,0,0,0,0,0,0,0,0,0,0,0,0,0,0,0,0,0,0,0,0,0,0,0,0,0,0,0,0,0,0,0,0,0,0,0,0,0,0,0,0,0,0,0,0,0,0,0,0,0,0,0,0,0,0,0,0,0,0,0,0,0,0,"ASV_40","High-MH","None","Eukaryota","Chordata","Mammalia","Artiodactyla","Phocoenidae","Phocoena",NA
"ASV_41","ttagccctaaacctcaacagttaaatcaacaaaactgctcgccagaacactacgagccacagcttaaaactcaaaggacctggcggtgcttcatatcccg",2,0,0,0,0,0,0,0,0,0,0,0,0,0,0,0,0,0,0,0,0,2,0,3,0,0,0,0,0,0,13182,0,0,0,5826,0,0,0,0,0,0,0,0,0,0,0,0,0,0,0,0,0,0,0,0,0,0,0,0,0,0,0,0,0,0,0,0,0,0,0,0,0,0,0,0,0,0,0,0,0,224,0,0,0,0,0,0,0,0,0,0,0,0,0,0,0,0,0,0,0,0,0,0,0,0,0,0,0,0,0,0,"ASV_41","High","9606","Eukaryota","Chordata","Mammalia","Primates","Hominidae","Homo","Homo sapiens"
"ASV_42","cccgccgtaaacttagatatattagtacaacaaatatccgcccgggaactacgagcgccagcttaaaacccaaaggacttggcggtgcttcagaccccc",0,0,0,0,0,0,0,0,0,0,0,0,0,0,0,0,0,0,0,0,0,0,0,0,0,0,0,0,0,0,0,0,0,0,0,0,0,0,0,0,0,0,0,0,0,0,0,0,0,0,0,0,0,0,0,0,0,0,0,0,0,0,0,0,0,0,0,0,0,0,0,0,0,0,0,0,0,0,0,0,0,0,0,0,0,0,0,0,0,0,0,0,0,0,0,0,0,0,0,0,0,0,0,0,0,0,0,0,0,0,2,"ASV_42","High-MH","None","Eukaryota","Chordata","Actinopteri","Clupeiformes","Clupeidae",NA,NA
"ASV_45","ttagccataaactttgatattaatttacacctaatatccgccagggaactacaagcgttagcttaaaacccaaaggacttggcggtgcctcacacccac",0,0,0,0,0,0,0,0,0,0,0,0,0,0,0,0,0,0,2,0,0,0,0,0,0,0,0,0,0,0,0,0,0,0,0,0,0,0,0,0,0,0,0,0,0,0,0,0,0,0,0,0,0,0,0,0,0,0,0,0,0,0,0,0,0,0,0,0,0,0,0,0,0,0,0,0,0,0,0,0,0,0,0,0,0,0,0,0,0,0,0,0,0,0,0,0,0,0,0,0,0,0,0,0,0,0,0,0,0,0,0,"ASV_45","Low","30960","Eukaryota","Chordata","Actinopteri","Osmeriformes","Salangidae","Mallotus","Mallotus villosus"
"ASV_46","ctagccctaaacattgatagtttactacacccactatccgcctgggaactacgagcattagcttaaaacccaaaggacttggcggtgctttagatccac",0,0,0,0,0,0,0,0,0,0,0,0,0,0,0,0,0,0,0,0,0,0,0,0,0,0,0,0,0,0,0,0,0,0,0,0,0,0,0,0,0,816,0,0,0,0,0,0,0,0,0,0,0,0,0,0,0,0,0,0,0,0,0,0,0,0,0,0,0,0,0,0,0,0,0,0,0,0,0,0,0,0,0,0,0,0,0,0,0,0,0,0,0,0,0,0,0,0,0,0,0,0,0,0,0,0,0,0,0,0,0,"ASV_46","High","8204","Eukaryota","Chordata","Actinopteri","Perciformes","Anarhichadidae","Anarhichas","Anarhichas lupus"
"ASV_49","ttagccctaaacttcaacagttaaattaacaaaactgctcgccagaacactacgagccacagcttaaaactcaaaggacctggcggtgcttcatatccct",0,0,0,0,0,0,0,0,0,0,0,0,0,0,0,0,0,0,0,0,0,0,0,0,0,0,0,0,0,0,2,0,0,0,0,0,0,0,0,0,0,0,0,0,0,0,0,0,0,0,0,0,0,0,0,0,0,0,0,0,0,0,0,0,0,0,0,0,0,0,0,0,0,0,0,0,0,0,0,0,0,0,0,0,0,0,0,0,0,0,0,0,0,0,0,0,0,0,0,0,0,0,0,0,0,0,0,0,0,0,0,"ASV_49","High-MH","None","Eukaryota","Chordata","Mammalia","Primates","Hominidae",NA,NA
"ASV_51","ttagccctaaaccctgatagttacattaacaaaaccattcgccagagtagtacaagcaacagcttaaaactcaaaggacttggcgttgctttatatccct",0,0,0,0,0,0,0,0,0,0,0,0,0,0,0,0,0,0,0,0,0,0,0,3,0,0,0,0,0,0,0,0,0,0,0,0,0,0,0,0,0,0,0,0,0,0,0,0,0,0,0,0,0,0,0,0,0,0,0,0,0,0,0,0,0,0,0,0,0,0,0,0,0,0,0,0,0,0,0,0,0,0,0,0,0,0,0,0,0,0,0,0,0,0,0,0,0,0,0,0,0,0,0,0,0,0,0,0,0,0,0,"ASV_51","High","9606","Eukaryota","Chordata","Mammalia","Primates","Hominidae","Homo","Homo sapiens"
"ASV_58","ttagccctaaactccaatagttaaatcaacaaaactattcaccagaacactacaagcaatagcttaaaactcaaaggacttggcggtgctttatatccct",0,0,0,0,0,0,0,0,0,0,0,0,0,0,0,0,0,0,0,0,0,0,0,0,0,0,0,0,0,0,0,0,0,0,0,0,0,0,0,0,0,0,0,0,0,0,0,0,0,0,0,0,0,0,0,0,0,0,0,0,0,0,0,0,0,0,0,0,0,0,0,0,0,0,0,0,0,0,0,0,0,0,0,0,0,0,0,0,0,0,0,0,0,2,0,0,0,0,0,0,0,0,0,0,0,0,0,0,0,0,0,"ASV_58","High","9606","Eukaryota","Chordata","Mammalia","Primates","Hominidae","Homo","Homo sapiens"
"ASV_59","ctagccctaaacattgatagtacccccacacccactatccgcctgggaactacgagcagcagcttaaaacccaaaggacttggcggtgctttaaaccccc",0,0,0,0,0,0,0,0,0,0,0,0,0,0,0,0,0,0,0,0,0,0,0,0,0,0,0,0,0,0,0,0,0,0,0,0,0,0,0,0,0,0,0,0,0,0,0,0,0,0,0,0,0,0,0,0,0,0,0,0,0,0,0,0,0,0,0,0,0,0,0,0,0,0,0,0,0,0,0,0,0,0,2,0,0,0,0,0,0,0,0,0,0,0,0,0,0,0,0,0,0,0,0,0,0,0,0,0,0,0,0,"ASV_59","High","215424","Eukaryota","Chordata","Actinopteri","Perciformes","Zoarcidae","Lycodes","Lycodes vahlii"
"ASV_72","gttcaatagtcctgccaagtggtcaaaagattatattatcagacacagtgggtttcatatctcacttgccacatgagcttgtagccgcctttagagccacg",0,0,0,0,0,0,0,0,0,0,0,0,0,0,0,0,0,0,0,0,0,0,0,0,0,0,0,0,0,0,0,0,0,0,0,0,0,0,0,0,0,0,0,0,0,0,0,0,0,0,0,0,0,0,0,0,0,0,0,0,0,0,0,0,0,0,0,0,0,0,0,0,0,2,0,0,0,0,0,0,0,0,0,0,0,0,0,0,0,0,0,0,0,0,0,0,0,0,0,0,0,0,0,0,0,0,0,0,0,0,0,NA,NA,NA,NA,NA,NA,NA,NA,NA,NA
"ASV_74","cccgtcgtaaacttagatatattagtacaacaaatatccgcccgggaactatgagcgttagcttaaaacccaaaggacttggcggtgcttcagaccccc",0,0,0,3,0,0,0,0,0,0,0,0,0,0,0,0,0,0,0,0,0,0,0,0,0,0,0,0,0,0,0,0,0,0,0,0,0,0,0,0,0,0,0,0,0,0,0,0,0,0,0,0,0,0,0,0,0,0,0,0,0,0,0,0,0,0,0,0,0,0,0,0,0,0,0,0,0,0,0,0,0,0,0,0,0,0,0,0,0,0,0,0,0,0,0,0,0,0,0,0,0,0,0,0,0,0,0,0,0,0,0,"ASV_74","Low","7950","Eukaryota","Chordata","Actinopteri","Clupeiformes","Clupeidae","Clupea","Clupea harengus"
"ASV_86","ttagccctaaacataaataattcacgtaacaaaattattcgccagagaactactagcaacagcttaaaactcaaaggacttggcggtgcttcacaccccg",0,0,0,0,0,0,0,0,0,0,0,0,0,0,0,0,0,0,0,0,0,0,0,0,0,0,0,0,0,0,0,0,0,0,0,0,0,0,0,0,0,35,0,0,0,0,0,0,0,0,0,0,0,0,0,0,0,0,0,0,0,0,0,0,0,0,0,0,0,0,0,0,0,0,0,0,0,0,0,0,0,0,0,0,0,0,0,0,0,0,0,0,0,0,0,0,0,0,0,0,0,0,0,0,0,0,0,0,0,0,0,"ASV_86","High-MH","None","Eukaryota","Chordata","Mammalia","Carnivora","Phocidae",NA,NA
"ASV_88","ttagccctaaacctcaacagttaaatcaacaaaactgctcgccagaacactacgagccacagcttaaaactcaaaagacctggcggtgcttcatatccct",21,0,0,0,0,0,0,0,0,3,0,0,20,0,0,2,0,0,0,0,22,0,13,35,0,0,0,0,0,0,22,0,0,0,4,0,0,0,4,0,0,0,0,0,0,0,2,0,0,0,0,0,0,2,0,0,0,0,0,0,0,0,0,0,0,0,0,0,0,0,0,0,0,0,0,0,0,0,0,0,0,0,0,0,0,0,0,0,0,0,0,0,0,0,0,0,0,0,0,0,0,0,0,0,0,0,0,0,0,0,0,"ASV_88","Low","9606","Eukaryota","Chordata","Mammalia","Primates","Hominidae","Homo","Homo sapiens"
"ASV_97","ttagccctaaacataaataattcacgtaacaaaattattcgccagagaactactagcaacagcttaaaactcaaaggacttggcggtgcttcacaccccc",0,0,0,0,0,0,0,0,0,0,0,0,0,0,0,0,0,0,0,0,0,0,0,0,0,0,0,0,0,0,0,0,0,0,0,0,0,0,0,0,0,0,0,0,0,2,0,0,0,0,0,0,0,0,0,0,0,0,0,0,0,0,0,0,0,0,0,0,0,0,0,0,0,0,0,0,0,0,0,0,0,0,0,0,0,0,0,0,0,0,0,0,0,0,0,0,0,0,0,0,0,0,0,0,0,0,0,0,0,0,0,"ASV_97","High-MH","None","Eukaryota","Chordata","Mammalia","Carnivora","Phocidae",NA,NA
"ASV_109","ttagccctaaacctcaacagttaaatcaacaaaactgctcgccagagcactacgagccacagcttaaaactcaaaggacctggcggtgcttcatatccct",209,0,0,0,0,0,0,0,0,103,0,0,403,0,0,34,0,0,0,0,71,20,192,854,5,0,0,0,0,0,255,0,0,0,96,3,0,0,75,0,0,0,0,0,0,0,58,0,0,0,0,0,0,0,0,0,0,0,0,0,0,0,0,0,0,0,0,0,0,0,0,0,0,0,0,0,0,0,0,0,3,0,0,0,0,0,0,0,0,0,0,0,0,0,0,0,0,0,0,0,0,0,0,0,0,0,0,0,0,0,0,"ASV_109","Low","9606","Eukaryota","Chordata","Mammalia","Primates","Hominidae","Homo","Homo sapiens"
"ASV_115","ctagccctaaacattgatagtattatacacccactatccgcccgggaactacgagcaatagcttaaaacccaaaggacttggcggtgctttagatccac",0,0,0,0,0,0,0,0,0,0,0,0,0,0,0,0,0,0,0,0,0,0,0,0,0,0,0,0,0,0,0,0,0,0,0,0,0,0,0,0,0,0,0,0,0,0,0,0,0,0,0,0,0,0,0,0,0,0,0,0,2,0,0,0,0,0,0,0,0,0,0,0,0,0,0,0,0,0,0,0,0,0,0,0,0,0,0,0,0,0,0,0,0,0,0,0,0,0,0,0,0,0,0,0,0,0,0,0,0,0,0,"ASV_115","High-MH","None","Eukaryota","Chordata","Actinopteri","Perciformes",NA,NA,NA
"ASV_120","ttagccctaaacctcaacagttaaatcaacaaagctgctcgccagaacactacgagccacagcttaaaactcaaaggacctggcggtgcttcatatccct",206,0,0,0,0,0,0,0,0,864,0,0,256,0,0,14,0,0,0,0,58,15,127,635,2,0,0,0,0,0,394,0,0,0,76,3,0,0,58,0,0,0,0,0,0,0,30,0,0,0,0,0,0,0,0,0,0,0,0,0,0,0,0,0,0,0,0,0,0,0,0,0,0,0,0,0,0,0,0,0,0,0,0,0,0,0,0,0,0,0,0,0,0,0,0,0,0,0,0,0,0,0,0,0,0,0,0,0,0,0,0,"ASV_120","Low","9606","Eukaryota","Chordata","Mammalia","Primates","Hominidae","Homo","Homo sapiens"
"ASV_121","ttagccctaaacctcaacagttaaatcaacaaaactgctcgccagaacactacgagccacagcttaaaacccaaaggacctggcggtgcttcatatccct",259,0,0,0,0,0,0,0,0,43,0,0,329,0,0,41,0,0,0,0,40,36,147,212,0,0,0,0,0,0,256,0,0,0,100,4,0,0,111,0,0,0,0,0,0,0,47,0,0,0,0,0,0,0,0,0,0,0,0,0,0,0,0,0,0,0,0,0,0,0,0,0,0,0,0,0,0,0,0,0,3,0,0,0,0,0,0,0,0,0,0,0,0,0,0,0,0,0,0,0,0,0,0,0,0,0,0,0,0,0,0,"ASV_121","Low","9606","Eukaryota","Chordata","Mammalia","Primates","Hominidae","Homo","Homo sapiens"
"ASV_124","ttagccctaaacctcaacagttaaatcaacaaaactgctcgccagaacactacgagccacagcttaaaactcaaaggacctggcggtgcctcatatccct",336,0,0,0,0,0,0,0,0,61,0,0,370,0,0,33,0,0,0,0,44,31,195,346,3,0,0,0,0,0,232,0,0,0,126,0,0,0,85,0,0,0,0,0,0,0,50,0,0,0,0,0,0,0,0,0,0,0,0,0,0,0,0,0,0,0,0,0,0,0,0,0,0,0,0,0,0,0,0,0,2,0,0,0,0,0,0,0,0,0,0,0,0,0,0,0,0,0,0,0,0,0,0,0,0,0,0,0,0,0,0,"ASV_124","High","9606","Eukaryota","Chordata","Mammalia","Primates","Hominidae","Homo","Homo sapiens"
"ASV_125","ttagccctaaaccccaacagttaaatcaacaaaactgctcgccagaacactacgagccacagcttaaaactcaaaggacctggcggtgcttcatatccct",126,0,0,0,0,0,0,0,0,55,0,0,322,0,0,27,0,0,0,0,33,24,131,178,4,0,0,0,0,0,218,0,0,0,160,2,0,0,80,0,0,0,0,0,0,0,40,0,0,0,0,0,0,0,0,0,0,0,0,0,0,0,0,0,0,0,0,0,0,0,0,0,0,0,0,0,0,0,0,0,5,0,0,0,0,0,0,0,0,0,0,0,0,0,0,0,0,0,0,0,0,0,0,0,0,0,0,0,0,0,0,"ASV_125","High","9606","Eukaryota","Chordata","Mammalia","Primates","Hominidae","Homo","Homo sapiens"
"ASV_128","ccaaatgttcagagttctgcatcaactatgataaaggaggaaaactgatgttcgattggttatgtaacgtgtttgccc",0,0,0,0,0,0,0,0,0,0,0,0,0,0,0,0,0,0,0,0,0,0,0,0,0,0,0,0,0,0,0,0,0,0,0,0,0,0,0,0,0,0,0,0,0,15,0,0,0,0,0,0,0,0,0,0,0,0,0,0,0,0,0,0,0,0,0,0,0,0,0,0,0,0,0,0,0,0,0,0,0,0,0,0,0,0,0,0,0,0,0,0,0,0,0,0,0,0,0,0,0,0,0,0,0,0,0,0,0,0,0,NA,NA,NA,NA,NA,NA,NA,NA,NA,NA
"ASV_130","ttagccctaaacctcaacagttaaatcaacaaaactgctcgccagaacactacgagccacagcttaaaactcaaaggacctggcggtgcttcatatccca",41,0,0,0,0,0,0,0,0,0,0,0,16,0,0,0,0,0,0,0,56,0,5,5,0,0,0,0,0,0,12,0,0,0,0,0,0,0,5,0,0,0,0,0,0,0,0,0,0,0,0,0,0,0,0,0,0,0,0,0,0,0,0,0,0,0,0,0,0,0,0,0,0,0,0,0,0,0,0,0,0,0,0,0,0,0,0,0,0,0,0,0,0,0,0,0,0,0,0,0,0,0,0,0,0,0,0,0,0,0,0,"ASV_130","High","9606","Eukaryota","Chordata","Mammalia","Primates","Hominidae","Homo","Homo sapiens"
"ASV_131","ttagccctaaacctcaacagttaaatcaacaaaactgctcgccagaacactacgagccacagcttaaaactcaaaggacctggcggtgctccatatccct",142,0,0,0,0,0,0,0,0,49,0,0,327,0,0,173,0,0,0,0,44,25,142,234,2,0,0,0,0,0,230,0,0,0,119,4,0,0,76,0,0,0,0,0,0,0,44,0,0,0,0,0,0,0,0,0,0,0,0,0,0,0,0,0,0,0,0,0,0,0,0,0,0,0,0,0,0,0,0,0,0,0,0,0,0,0,0,0,0,0,0,0,0,0,0,0,0,0,0,0,0,0,0,0,0,0,0,0,0,0,0,"ASV_131","Low","9606","Eukaryota","Chordata","Mammalia","Primates","Hominidae","Homo","Homo sapiens"
"ASV_136","ttagccctaaacctcaacagttaaatcaacaaaactgcccgccagaacactacgagccacagcttaaaactcaaaggacctggcggtgcttcatatccct",114,0,0,0,0,0,0,0,0,37,0,0,263,0,0,144,0,0,0,0,28,17,182,201,0,0,0,0,0,0,261,0,0,0,79,2,0,0,71,0,0,0,0,0,0,0,41,0,0,0,0,0,0,0,0,0,0,0,0,0,0,0,0,0,0,0,0,0,0,0,0,0,0,0,0,0,0,0,0,0,2,0,0,0,0,0,0,0,0,0,0,0,0,0,0,0,0,0,0,0,0,0,0,0,0,0,0,0,0,0,0,"ASV_136","Low","9606","Eukaryota","Chordata","Mammalia","Primates","Hominidae","Homo","Homo sapiens"
"ASV_174","ttagccctaaacctcaacagttaaatcaacaaaactgctcgccagaacactacgagccacagcttaaaactcaaagggcctggcggtgcttcatatccct",551,0,0,0,0,0,0,0,0,14,0,0,385,0,0,11,0,0,0,0,29,9,90,88,0,0,0,0,0,0,71,0,0,0,45,0,0,0,23,0,0,0,0,0,0,0,12,0,0,0,0,0,0,0,0,0,0,0,0,0,0,0,0,0,0,0,0,0,0,0,0,0,0,0,0,0,0,0,0,0,3,0,0,0,0,0,0,0,0,0,0,0,0,0,0,0,0,0,0,0,0,0,0,0,0,0,0,0,0,0,0,"ASV_174","Low","9606","Eukaryota","Chordata","Mammalia","Primates","Hominidae","Homo","Homo sapiens"
"ASV_176","ttagccctaaacctcaacagttaaatcaacaaaactgctcgccagaacgctacgagccacagcttaaaactcaaaggacctggcggtgcttcatatccct",115,0,0,0,0,0,0,0,0,22,0,0,94,0,0,20,0,0,0,0,21,10,31,59,0,0,0,0,0,0,62,0,0,0,44,2,0,0,25,0,0,0,0,0,0,0,20,0,0,0,0,0,0,0,0,0,0,0,0,0,0,0,0,0,0,0,0,0,0,0,0,0,0,0,0,0,0,0,0,0,0,0,0,0,0,0,0,0,0,0,0,0,0,0,0,0,0,0,0,0,0,0,0,0,0,0,0,0,0,0,0,"ASV_176","Low","9606","Eukaryota","Chordata","Mammalia","Primates","Hominidae","Homo","Homo sapiens"
"ASV_184","ttagccctaaactctagtagttacattaacaaaaccattcgtcagaatactacgagcaacagcttaaaactcaaaggacctggcagttctttatatccct",0,0,0,0,0,0,0,0,0,0,0,0,0,0,0,0,0,0,0,0,0,0,0,0,0,14584,0,0,0,0,0,0,0,0,0,0,0,0,0,0,0,0,0,0,0,0,0,0,0,0,0,0,0,0,0,0,0,0,0,0,0,0,0,0,0,0,0,0,0,0,0,0,0,0,0,0,0,0,0,0,0,0,0,0,0,0,0,0,0,0,0,0,0,0,0,0,0,0,0,0,0,0,0,0,0,0,0,0,0,0,0,"ASV_184","High-MH","None","Can't find taxa in database","Can't find taxa in database","Can't find taxa in database","Can't find taxa in database","Can't find taxa in database","Can't find taxa in database","Can't find taxa in database"
"ASV_189","ttagccctaaacctcaacagttaaaccaacaaaactgctcgccagaacactacgagccacagcttaaaactcaaaggacctggcggtgcttcatatccct",82,0,0,0,0,0,0,0,0,23,0,0,124,0,0,10,0,0,0,0,17,21,114,150,0,0,0,0,0,0,240,0,0,0,46,2,0,0,23,0,0,0,0,0,0,0,21,0,0,0,0,0,0,0,0,0,0,0,0,0,0,0,0,0,0,0,0,0,0,0,0,0,0,0,0,0,0,0,0,0,0,0,0,0,0,0,0,0,0,0,0,0,0,0,0,0,0,0,0,0,0,0,0,0,0,0,0,0,0,0,0,"ASV_189","High","9606","Eukaryota","Chordata","Mammalia","Primates","Hominidae","Homo","Homo sapiens"
"ASV_198","ttagccctaaacataaataattcacgtaacaaaattattcgccagagaactactagcaacagcttaaaacccaaaggacttggcggtgcttcacacccct",0,0,0,0,0,0,0,0,0,0,0,0,0,0,0,0,0,0,0,0,0,0,0,0,0,0,0,0,0,0,0,0,0,0,0,0,0,0,0,0,0,2,0,0,0,0,0,0,0,0,0,0,0,0,0,0,0,0,0,0,0,0,0,0,0,0,0,0,0,0,0,0,0,0,0,0,0,0,0,0,0,0,0,0,0,0,0,0,0,0,0,0,0,0,0,0,0,0,0,0,0,0,0,0,0,0,0,0,0,0,0,"ASV_198","Low","39090","Eukaryota","Chordata","Mammalia","Carnivora","Phocidae","Phoca","Phoca largha"
"ASV_204","ttagccctaaacctcaacagttaaatcaacaaaactgctcgccagaacactacgagccacagcctaaaactcaaaggacctggcggtgcttcatatccct",50,0,0,0,0,0,0,0,0,19,0,0,175,0,0,7,0,0,0,0,7,5,46,106,0,0,0,0,0,0,93,0,0,0,47,0,0,0,23,0,0,0,0,0,0,0,19,0,0,0,0,0,0,0,0,0,0,0,0,0,0,0,0,0,0,0,0,0,0,0,0,0,0,0,0,0,0,0,0,0,0,0,0,0,0,0,0,0,0,0,0,0,0,0,0,0,0,0,0,0,0,0,0,0,0,0,0,0,0,0,0,"ASV_204","Low","9606","Eukaryota","Chordata","Mammalia","Primates","Hominidae","Homo","Homo sapiens"
"ASV_214","ttagccctaaacctcaacagttaaatcaacaaaactgctcgccagaacactacgagccacagcttaaaactcaaaggacctggcggcgcttcatatccct",64,0,0,0,0,0,0,0,0,18,0,0,86,0,0,6,0,0,0,0,11,10,41,63,0,0,0,0,0,0,59,0,0,0,43,0,0,0,18,0,0,0,0,0,0,0,8,0,0,0,0,0,0,0,0,0,0,0,0,0,0,0,0,0,0,0,0,0,0,0,0,0,0,0,0,0,0,0,0,0,0,0,0,0,0,0,0,0,0,0,0,0,0,0,0,0,0,0,0,0,0,0,0,0,0,0,0,0,0,0,0,"ASV_214","Low","9606","Eukaryota","Chordata","Mammalia","Primates","Hominidae","Homo","Homo sapiens"
"ASV_221","ttagccctaaacctcaacagttaaatcaacaaaactgctcgccagaacactacgagcctcagcttaaaactcaaaggacctggcggtgcttcatatccct",33,0,0,0,0,0,0,0,0,10,0,0,77,0,0,0,0,0,0,0,3,11,67,183,15,0,0,0,0,0,24,0,0,0,24,0,0,0,22,0,0,0,0,0,0,0,5,0,0,0,0,0,0,0,0,0,0,0,0,0,0,0,0,0,0,0,0,0,0,0,0,0,0,0,0,0,0,0,0,0,0,0,0,0,0,0,0,0,0,0,0,0,0,0,0,0,0,0,0,0,0,0,0,0,0,0,0,0,0,0,0,"ASV_221","Low","9606","Eukaryota","Chordata","Mammalia","Primates","Hominidae","Homo","Homo sapiens"
"ASV_239","ttagccctaaacctcaacagttaaatcaacaaaactgctcgccagaacactacgagtcacagcttaaaactcaaaggacctggcggtgcttcatatccct",10,0,0,0,0,0,0,0,0,4,0,0,19,0,0,0,0,0,0,0,4,4,4867,21,0,0,0,0,0,0,22,0,0,0,7,0,0,0,12,0,0,0,0,0,0,0,3,0,0,0,0,0,0,0,0,0,0,0,0,0,0,0,0,0,0,0,0,0,0,0,0,0,0,0,0,0,0,0,0,0,0,0,0,0,0,0,0,0,0,0,0,0,0,0,0,0,0,0,0,0,0,0,0,0,0,0,0,0,0,0,0,"ASV_239","Low","9606","Eukaryota","Chordata","Mammalia","Primates","Hominidae","Homo","Homo sapiens"
"ASV_243","ttagccctaaacctcaacagttaaatcaacaaaactgctcgccagaacactacgagccatagcttaaaactcaaaggacctggcggtgcttcatatccct",9,0,0,0,0,0,0,0,0,4,0,0,18,0,0,3,0,0,0,0,0,4,8,11,0,0,0,0,0,0,16,0,0,0,0,0,0,0,5,0,0,0,0,0,0,0,4,0,0,0,0,0,0,0,0,0,0,0,0,0,0,0,0,0,0,0,0,0,0,0,0,0,0,0,0,0,0,0,0,0,0,0,0,0,0,0,0,0,0,0,0,0,0,0,0,0,0,0,0,0,0,0,0,0,0,0,0,0,0,0,0,"ASV_243","Low","9606","Eukaryota","Chordata","Mammalia","Primates","Hominidae","Homo","Homo sapiens"
"ASV_244","ttagccctaaacctcaacagttaaatcaacaaaactgctcgccagaacactaagagccacagcttaaaactcaaaggacctggcggtgcttcatatccct",2,0,0,0,0,0,0,0,0,0,0,0,0,0,0,0,0,0,0,0,0,0,0,0,0,0,0,0,0,0,0,0,0,0,2,0,0,0,0,0,0,0,0,0,0,0,0,0,0,0,0,0,0,0,0,0,0,0,0,0,0,0,0,0,0,0,0,0,0,0,0,0,0,0,0,0,0,0,0,0,0,0,0,0,0,0,0,0,0,0,0,0,0,0,0,0,0,0,0,0,0,0,0,0,0,0,0,0,0,0,0,"ASV_244","Low","9606","Eukaryota","Chordata","Mammalia","Primates","Hominidae","Homo","Homo sapiens"
"ASV_282","aaagcaggaagatgctcaggaccaacgggttttgctgtgtaattctcttaacactaactttaaggaggtggctgaaaagatggtgagaggggaagatataggactgggggcattcttccgctctaagaattatcacattccaagttatgatgaaatgattgagtatgggagtttagagtcggag",0,0,0,0,0,0,0,0,0,0,0,0,0,0,0,0,0,0,0,0,0,0,0,0,0,0,0,0,0,0,0,0,0,0,0,0,0,0,0,0,0,43,0,0,0,0,0,0,0,0,0,0,0,0,0,0,0,0,0,0,0,0,0,0,0,0,0,0,0,0,0,0,0,0,0,0,0,0,0,0,0,0,0,0,0,0,0,0,0,0,0,0,0,0,0,0,0,0,0,0,0,0,0,0,0,0,0,0,0,0,0,NA,NA,NA,NA,NA,NA,NA,NA,NA,NA
"ASV_289","ttagccctaaacataaataattcacgtaacaaaattattcgccagagaactactagcaacagcttaaaactcaaaggacttggcggtgctccacacccct",0,0,0,0,0,0,0,0,0,0,0,0,0,0,0,0,0,0,0,0,0,0,0,0,0,0,0,0,0,0,0,0,0,0,0,0,0,0,0,0,0,2,0,0,0,0,0,0,0,0,0,0,0,0,0,0,0,0,0,0,0,0,0,0,0,0,0,0,0,0,0,0,0,0,0,0,0,0,0,0,0,0,0,0,0,0,0,0,0,0,0,0,0,0,0,0,0,0,0,0,0,0,0,0,0,0,0,0,0,0,0,"ASV_289","Low","39090","Eukaryota","Chordata","Mammalia","Carnivora","Phocidae","Phoca","Phoca largha"
"ASV_303","ttagccctaaacataaataattcacgtaacaaaattatccgccagagaactactagcaacagcttaaaactcaaaggacttggcggtgcttcacacccct",0,0,0,0,0,0,0,0,0,0,0,0,0,0,0,0,0,0,0,0,0,0,0,0,0,0,0,0,0,0,0,0,0,0,0,0,0,0,0,0,0,0,0,0,0,2,0,0,0,0,0,0,0,0,0,0,0,0,0,0,0,0,0,0,0,0,0,0,0,0,0,0,0,0,0,0,0,0,0,0,0,0,0,0,0,0,0,0,0,0,0,0,0,0,0,0,0,0,0,0,0,0,0,0,0,0,0,0,0,0,0,"ASV_303","Low","39090","Eukaryota","Chordata","Mammalia","Carnivora","Phocidae","Phoca","Phoca largha"
"ASV_308","ttagccctaaacctcaacagttaaatcaacaaaactgctcgccagaacactacgtgccacagcttaaaactcaaaggacctggcggtgcttcatatccct",23,0,0,0,0,0,0,0,0,7,0,0,74,0,0,0,0,0,0,0,8,2,56,93,7,0,0,0,0,0,30,0,0,0,11,0,0,0,10,0,0,0,0,0,0,0,5,0,0,0,0,0,0,0,0,0,0,0,0,0,0,0,0,0,0,0,0,0,0,0,0,0,0,0,0,0,0,0,0,0,2,0,0,0,0,0,0,0,0,0,0,0,0,0,0,0,0,0,0,0,0,0,0,0,0,0,0,0,0,0,0,"ASV_308","Low","9606","Eukaryota","Chordata","Mammalia","Primates","Hominidae","Homo","Homo sapiens"
"ASV_316","ttagccctaaacctcaacagttaaatcaacaaaactgctcgccagaacactacgaggcacagcttaaaactcaaaggacctggcggtgcttcatatccct",2,0,0,0,0,0,0,0,0,0,0,0,9,0,0,0,0,0,0,0,0,0,0,3,0,0,0,0,0,0,0,0,0,0,2,0,0,0,0,0,0,0,0,0,0,0,2,0,0,0,0,0,0,0,0,0,0,0,0,0,0,0,0,0,0,0,0,0,0,0,0,0,0,0,0,0,0,0,0,0,0,0,0,0,0,0,0,0,0,0,0,0,0,0,0,0,0,0,0,0,0,0,0,0,0,0,0,0,0,0,0,"ASV_316","Low","9606","Eukaryota","Chordata","Mammalia","Primates","Hominidae","Homo","Homo sapiens"
"ASV_338","ctagccctaaacattgatagtttactacacccactatccgcctgggaactacgagcattagcttaaaacccaagggacttggcggtgctttagatccac",0,0,0,0,0,0,0,0,0,0,0,0,0,0,0,0,0,0,0,0,0,0,0,0,0,0,0,0,0,0,0,0,0,0,0,0,0,0,0,0,0,28,0,0,0,0,0,0,0,0,0,0,0,0,0,0,0,0,0,0,0,0,0,0,0,0,0,0,0,0,0,0,0,0,0,0,0,0,0,0,0,0,0,0,0,0,0,0,0,0,0,0,0,0,0,0,0,0,0,0,0,0,0,0,0,0,0,0,0,0,0,"ASV_338","Low","8204","Eukaryota","Chordata","Actinopteri","Perciformes","Anarhichadidae","Anarhichas","Anarhichas lupus"
"ASV_362","agcttcccccatatatatgtatgctcgaccccacatttcgaccccttccctattctcccgatgctctccctttcttccccttggtcacaaatcggcacgggatttgcgatatttttagggtaggaagaggagagagaagatgagcaagaagacccagacgaccgaagagctttttcagctagccgcagagcgggccgaatacaagcgcggc",0,0,0,0,0,0,0,0,0,0,0,0,0,0,0,0,0,0,0,0,0,0,0,0,0,0,0,0,0,0,0,0,0,0,0,0,0,0,0,0,0,24,0,0,0,0,0,0,0,0,0,0,0,0,0,0,0,0,0,0,0,0,0,0,0,0,0,0,0,0,0,0,0,0,0,0,0,0,0,0,0,0,0,0,0,0,0,0,0,0,0,0,0,0,0,0,0,0,0,0,0,0,0,0,0,0,0,0,0,0,0,NA,NA,NA,NA,NA,NA,NA,NA,NA,NA
"ASV_388","ttagccctaaacctcaacagttaaatcaacaaaactgctcgcctgaacactacgagccacagcttaaaactcaaaggacctggcggtgcttcatatccct",8,0,0,0,0,0,0,0,0,0,0,0,46,0,0,0,0,0,0,0,3,4,13,21,0,0,0,0,0,0,9,0,0,0,7,0,0,0,13,0,0,0,0,0,0,0,0,0,0,0,0,0,0,0,0,0,0,0,0,0,0,0,0,0,0,0,0,0,0,0,0,0,0,0,0,0,0,0,0,0,0,0,0,0,0,0,0,0,0,0,0,0,0,0,0,0,0,0,0,0,0,0,0,0,0,0,0,0,0,0,0,"ASV_388","Low","9606","Eukaryota","Chordata","Mammalia","Primates","Hominidae","Homo","Homo sapiens"
"ASV_398","ttagccctaaactctagtagttacattaacaaaaccattcgtcagaatactacgagcaacagcttaagactcaaaggacctggcagttctttatatccct",0,0,0,0,0,0,0,0,0,0,0,0,0,0,0,0,0,0,0,0,0,0,0,0,0,1941,0,0,0,0,0,0,0,0,0,0,0,0,0,0,0,0,0,0,0,0,0,0,0,0,0,0,0,0,0,0,0,0,0,0,0,0,0,0,0,0,0,0,0,0,0,0,0,0,0,0,0,0,0,0,0,0,0,0,0,0,0,0,0,0,0,0,0,0,0,0,0,0,0,0,0,0,0,0,0,0,0,0,0,0,0,"ASV_398","Low","111789","","","","","","","eukaryotic synthetic construct"
"ASV_446","ctagccctaaacattgatagtttactacacccactatccgcctgggaactacgggcattagcttaaaacccaaaggacttggcggtgctttagatccac",0,0,0,0,0,0,0,0,0,0,0,0,0,0,0,0,0,0,0,0,0,0,0,0,0,0,0,0,0,0,0,0,0,0,0,0,0,0,0,0,0,11,0,0,0,0,0,0,0,0,0,0,0,0,0,0,0,0,0,0,0,0,0,0,0,0,0,0,0,0,0,0,0,0,0,0,0,0,0,0,0,0,0,0,0,0,0,0,0,0,0,0,0,0,0,0,0,0,0,0,0,0,0,0,0,0,0,0,0,0,0,"ASV_446","Low","8204","Eukaryota","Chordata","Actinopteri","Perciformes","Anarhichadidae","Anarhichas","Anarhichas lupus"
"ASV_482","ttagccctaaacctcaacagttaaatcaacaaaactgctcgccagaacactacgagccacagcttaaaactcaaaggacttggcggtgcttcatatcccc",0,0,0,0,0,0,0,0,0,0,0,0,0,0,0,2,0,0,0,0,0,3,0,0,0,0,0,0,0,0,0,0,0,0,0,0,0,0,0,0,0,0,0,0,0,0,62,0,0,0,0,0,0,0,0,0,0,0,0,0,0,0,0,0,0,0,0,0,0,0,0,0,0,0,0,0,0,0,0,0,0,0,0,0,0,0,0,0,0,0,0,0,0,0,0,0,0,0,0,0,0,0,0,0,0,0,0,0,0,0,0,"ASV_482","High","9606","Eukaryota","Chordata","Mammalia","Primates","Hominidae","Homo","Homo sapiens"
"ASV_486","ttagccctaaacctcaacagttaaatcaacaaaactgctcgccagaacactacgagccacagcttaaaactcaaagggcctggcggtgcttcatatcccc",4,0,0,0,0,0,0,0,0,0,0,0,0,0,0,0,0,0,0,0,0,11,0,0,0,0,0,0,0,0,0,0,0,0,0,0,0,0,0,0,0,0,0,0,0,0,7,0,0,0,0,0,0,0,0,0,0,0,0,0,0,0,0,0,0,0,0,0,0,0,0,0,0,0,0,0,0,0,0,0,0,0,0,0,0,0,0,0,0,0,0,0,0,0,0,0,0,0,0,0,0,0,0,0,0,0,0,0,0,0,0,"ASV_486","Low","9606","Eukaryota","Chordata","Mammalia","Primates","Hominidae","Homo","Homo sapiens"
"ASV_489","tagcagacgggacggataacgtccccggcattgacgtacggaacgtgaccggtagtatccttggagggttcgtagagtcggctaagtcgctgacggctgttgactccgactcctgcgactacatcatcagcaaccaccttgaaggcctgcctgcggtcgttgagactctgaacaactggtaccgagtgctgaagc",0,0,0,0,0,0,0,0,0,0,0,0,0,0,0,0,0,0,0,0,0,0,0,0,0,0,0,0,0,0,0,0,0,0,0,0,0,0,0,0,0,2,0,0,0,0,0,0,0,0,0,0,0,0,0,0,0,0,0,0,0,0,0,0,0,0,0,0,0,0,0,0,0,0,0,0,0,0,0,0,0,0,0,0,0,0,0,0,0,0,0,0,0,0,0,0,0,0,0,0,0,0,0,0,0,0,0,0,0,0,0,NA,NA,NA,NA,NA,NA,NA,NA,NA,NA
"ASV_510","ttagccctaaactctagtagttacattaacaaaaccattcgtcagaatactacgggcaacagcttaaaactcaaaggacctggcagttctttatatccct",0,0,0,0,0,0,0,0,0,0,0,0,0,0,0,0,0,0,0,0,0,0,0,0,0,987,0,0,0,0,0,0,0,0,0,0,0,0,0,0,0,0,0,0,0,0,0,0,0,0,0,0,0,0,0,0,0,0,0,0,0,0,0,0,0,0,0,0,0,0,0,0,0,0,0,0,0,0,0,0,0,0,0,0,0,0,0,0,0,0,0,0,0,0,0,0,0,0,0,0,0,0,0,0,0,0,0,0,0,0,0,"ASV_510","Low","111789","","","","","","","eukaryotic synthetic construct"
"ASV_589","ttagccctaaactctggtagttacattaacaaaaccattcgtcagaatactacgagcaacagcttaaaactcaaaggacctggcagttctttatatccct",0,0,0,0,0,0,0,0,0,0,0,0,0,0,0,0,0,0,0,0,0,0,0,0,0,560,0,0,0,0,0,0,0,0,0,0,0,0,0,0,0,0,0,0,0,0,0,0,0,0,0,0,0,0,0,0,0,0,0,0,0,0,0,0,0,0,0,0,0,0,0,0,0,0,0,0,0,0,0,0,0,0,0,0,0,0,0,0,0,0,0,0,0,0,0,0,0,0,0,0,0,0,0,0,0,0,0,0,0,0,0,"ASV_589","Low","111789","","","","","","","eukaryotic synthetic construct"
"ASV_615","ttagccctagacctcaacagttaaatcaacaaaactgctcgccagagcactacgagccacagcttaaaactcaaaggacctggcggtgcttcatatccct",0,0,0,0,0,0,0,0,0,0,0,0,0,0,0,0,0,0,0,0,0,0,0,0,0,0,0,0,0,0,0,0,0,0,2,0,0,0,0,0,0,0,0,0,0,0,0,0,0,0,0,0,0,0,0,0,0,0,0,0,0,0,0,0,0,0,0,0,0,0,0,0,0,0,0,0,0,0,0,0,0,0,0,0,0,0,0,0,0,0,0,0,0,0,0,0,0,0,0,0,0,0,0,0,0,0,0,0,0,0,0,"ASV_615","Low","9606","Eukaryota","Chordata","Mammalia","Primates","Hominidae","Homo","Homo sapiens"
"ASV_862","ttagccctaaactctagtagttacattaacaaaaccatccgtcagaatactacgagcaacagcttaaaactcaaaggacctggcagttctttatatccct",0,0,0,0,0,0,0,0,0,0,0,0,0,0,0,0,0,0,0,0,0,0,0,0,0,90,0,0,0,0,0,0,0,0,0,0,0,0,0,0,0,0,0,0,0,0,0,0,0,0,0,0,0,0,0,0,0,0,0,0,0,0,0,0,0,0,0,0,0,0,0,0,0,0,0,0,0,0,0,0,0,0,0,0,0,0,0,0,0,0,0,0,0,0,0,0,0,0,0,0,0,0,0,0,0,0,0,0,0,0,0,"ASV_862","Low","111789","","","","","","","eukaryotic synthetic construct"
"ASV_962","ttagccctaaacctcaacagttaaatcaacaaaactgctcgccagaacaccacgagccacagcttaaaactcaacggacctggcggtgcttcatatccct",0,0,0,0,0,0,0,0,0,0,0,0,46,0,0,0,0,0,0,0,0,0,0,0,0,0,0,0,0,0,0,0,0,0,0,0,0,0,0,0,0,0,0,0,0,0,0,0,0,0,0,0,0,0,0,0,0,0,0,0,0,0,0,0,0,0,0,0,0,0,0,0,0,0,0,0,0,0,0,0,0,0,0,0,0,0,0,0,0,0,0,0,0,0,0,0,0,0,0,0,0,0,0,0,0,0,0,0,0,0,0,"ASV_962","Low","9606","Eukaryota","Chordata","Mammalia","Primates","Hominidae","Homo","Homo sapiens"
