"","unlist(LN2.MAM.asv)[match(rownames(LN2.MAM.neg.1), names(unlist(LN2.MAM.asv)))]","Blank5_2","Blank5_3","Blank5_8","Neg1_5","Neg1_7","Neg2_3","Neg3_1","Neg3_3","Neg3_5","Neg4_1","Neg4_4","Neg4_5","Neg4_7","Neg4_8","Neg5_1","Neg5_5","Neg6_4","Neg6_5","Neg7_7","Neg7_8","PC019_Blank4_1","PC019_Blank4_3","PC019.B6_4","PC019.B6_5","PC019.B6_8","PC022_B2_2","PC022_B2_7","PC022_B3_6","Blank5_1","Blank5_4","Neg2_1","Neg2_5","Neg3_7","Neg5_2","Neg7_3","Neg7_6","PC019_Blank4_8","PC019.B6_1","PC019.B6_7","PC022_B2_6","PC022_B3_1","PC022_B3_4","OTU","assignmentQual","taxID","superkingdom","phylum","class","order","family","genus","species"
"ASV_1","gcagaacccaacctccgagcagtacatgctaagacttcaccagtcaaagcgaactactatactcaattgatccaataacttgaccaacggaaca",0,2,0,4,0,0,4,3,0,0,0,0,0,0,0,0,0,0,0,0,93905,4,0,0,2,0,0,0,0,0,0,0,0,0,0,0,0,0,0,0,0,0,"ASV_1","High","9606","Eukaryota","Chordata","Mammalia","Primates","Hominidae","Homo","Homo sapiens"
"ASV_3","gcacaaaaaaccctccgagtgattaaagcctaggcccactagccaaagcataatatcacttattgatccaatcttttgatcaacggaaca",0,0,0,0,0,0,0,0,0,0,0,0,0,0,0,0,0,0,0,0,0,0,0,0,0,0,0,0,0,0,0,0,0,0,0,0,3,0,0,0,0,0,"ASV_3","High-MH","None","Eukaryota","Chordata","Mammalia","Artiodactyla","Balaenidae",NA,NA
"ASV_13","gcagaacccaacctccgagcagtacatgctaagacttcaccagttaaagcgaactactatactcaattgatccaataacttgaccaacggaaca",0,0,0,0,0,0,0,0,0,0,0,0,0,0,0,0,0,0,0,0,39,0,0,0,0,0,0,0,0,0,0,0,0,0,0,0,0,0,0,0,0,0,"ASV_13","High","9606","Eukaryota","Chordata","Mammalia","Primates","Hominidae","Homo","Homo sapiens"
"ASV_15","gtataattcaacctccaaacagcctagactaagaccgcactagtgtaagcgagctgacacacattgattcgataatttgatcaacagaaga",0,0,173534,0,0,0,0,0,0,0,0,0,0,0,0,0,0,0,0,0,0,0,0,0,0,0,0,0,0,0,0,0,0,0,0,0,0,0,0,0,0,0,"ASV_15","High","9606","Eukaryota","Chordata","Mammalia","Primates","Hominidae","Homo","Homo sapiens"
"ASV_24","gcagaacccaacctccgagcagtacatgctaagacttcaccagtcaaagcgaactactatactcaattgatccaataacttggccaacggaaca",0,0,0,0,0,0,0,0,0,0,0,0,0,0,0,0,0,0,0,0,328,0,0,0,0,0,0,0,0,0,0,0,0,0,0,0,0,0,0,0,0,0,"ASV_24","Low","9606","Eukaryota","Chordata","Mammalia","Primates","Hominidae","Homo","Homo sapiens"
"ASV_26","gcagaacccaacctccgagcagtacatgctaagacttcaccagtcaaagcgaactactatactcaattgatccaataacttgaccaacggagca",0,0,0,0,0,0,0,0,0,0,0,0,0,0,0,0,0,0,0,0,245,0,0,0,0,0,0,0,0,0,0,0,0,0,0,0,0,0,0,0,0,0,"ASV_26","High","9606","Eukaryota","Chordata","Mammalia","Primates","Hominidae","Homo","Homo sapiens"
"ASV_27","gcagaacccaacctccgagcagtacatgctaaggcttcaccagtcaaagcgaactactatactcaattgatccaataacttgaccaacggaaca",0,0,0,0,0,0,0,0,0,0,0,0,0,0,0,0,0,0,0,0,262,0,0,0,0,0,0,0,0,0,0,0,0,0,0,0,0,0,0,0,0,0,"ASV_27","High","9606","Eukaryota","Chordata","Mammalia","Primates","Hominidae","Homo","Homo sapiens"
"ASV_28","gcagagcccaacctccgagcagtacatgctaagacttcaccagtcaaagcgaactactatactcaattgatccaataacttgaccaacggaaca",0,0,0,0,0,0,0,0,0,0,0,0,0,0,0,0,0,0,0,0,262,0,0,0,0,0,0,0,0,0,0,0,0,0,0,0,0,0,0,0,0,0,"ASV_28","High","9606","Eukaryota","Chordata","Mammalia","Primates","Hominidae","Homo","Homo sapiens"
"ASV_32","gcagaacccaacctccgagcagtacatgctaagacttcaccagtcaaagcgagctactatactcaattgatccaataacttgaccaacggaaca",0,0,0,0,0,0,0,0,0,0,0,0,0,0,0,0,0,0,0,0,248,0,0,0,0,0,0,0,0,0,0,0,0,0,0,0,0,0,0,0,0,0,"ASV_32","High","9606","Eukaryota","Chordata","Mammalia","Primates","Hominidae","Homo","Homo sapiens"
"ASV_34","gcagaacccaacctccgagcagtacatgctaagacttcaccagtcaaagcgaactactatactcaattgatccaataacttgaccagcggaaca",0,0,0,0,0,0,0,0,0,0,0,0,0,0,0,0,0,0,0,0,153,0,0,0,0,0,0,0,0,0,0,0,0,0,0,0,0,0,0,0,0,0,"ASV_34","Low","9606","Eukaryota","Chordata","Mammalia","Primates","Hominidae","Homo","Homo sapiens"
"ASV_35","gcagaacccaacctccgagcagtacatgctaagacttcaccagtcaaagcgaactactatactcaattggtccaataacttgaccaacggaaca",0,0,0,0,0,0,0,0,0,0,0,0,0,0,0,0,0,0,0,0,215,0,0,0,0,0,0,0,0,0,0,0,0,0,0,0,0,0,0,0,0,0,"ASV_35","Low","9606","Eukaryota","Chordata","Mammalia","Primates","Hominidae","Homo","Homo sapiens"
"ASV_38","gcagaacccaacctccgagcagtacatgctaagacttcaccagccaaagcgaactactatactcaattgatccaataacttgaccaacggaaca",0,0,0,0,0,0,0,0,0,0,0,0,0,0,0,0,0,0,0,0,91,0,0,0,0,0,0,0,0,0,0,0,0,0,0,0,0,0,0,0,0,0,"ASV_38","High","9606","Eukaryota","Chordata","Mammalia","Primates","Hominidae","Homo","Homo sapiens"
"ASV_39","gcagaacccaacctccgagcagtacatgctaagacttcaccagtcaaagcgaactactatactcaattaatccaataacttgaccaacggaaca",0,0,0,0,0,0,0,0,0,0,0,0,0,0,0,0,0,0,0,0,29,0,0,0,0,0,0,0,0,0,0,0,0,0,0,0,0,0,0,0,0,0,"ASV_39","High","9606","Eukaryota","Chordata","Mammalia","Primates","Hominidae","Homo","Homo sapiens"
"ASV_40","gcagaacccaacctccgagcagtacattctaagacttcaccagtcaaagcgaactactatactcaattgatccaataacttgaccaacggaaca",0,0,0,0,0,0,0,0,0,0,0,0,0,0,0,0,0,0,0,0,9,0,0,0,0,0,0,0,0,0,0,0,0,0,0,0,0,0,0,0,0,0,"ASV_40","Low","9606","Eukaryota","Chordata","Mammalia","Primates","Hominidae","Homo","Homo sapiens"
"ASV_41","gcagaacccaacctccgagcagtacatgctaagacctcaccagtcaaagcgaactactatactcaattgatccaataacttgaccaacggaaca",0,0,0,0,0,0,0,0,0,0,0,0,0,0,0,0,0,0,0,0,177,0,0,0,0,0,0,0,0,0,0,0,0,0,0,0,0,0,0,0,0,0,"ASV_41","High","9606","Eukaryota","Chordata","Mammalia","Primates","Hominidae","Homo","Homo sapiens"
"ASV_42","gcagaacccaacctccgagcagtacatgctaagacttcaccagtcaaggcgaactactatactcaattgatccaataacttgaccaacggaaca",0,0,0,0,0,0,0,0,0,0,0,0,0,0,0,0,0,0,0,0,533,0,0,0,0,0,0,0,0,0,0,0,0,0,0,0,0,0,0,0,0,0,"ASV_42","High","9606","Eukaryota","Chordata","Mammalia","Primates","Hominidae","Homo","Homo sapiens"
"ASV_45","gcagaacccaacctccgagcagtacatgctaagacttcaccggtcaaagcgaactactatactcaattgatccaataacttgaccaacggaaca",0,0,0,0,0,0,0,0,0,0,0,0,0,0,0,0,0,0,0,0,48,0,0,0,0,0,0,0,0,0,0,0,0,0,0,0,0,0,0,0,0,0,"ASV_45","Low","9606","Eukaryota","Chordata","Mammalia","Primates","Hominidae","Homo","Homo sapiens"
"ASV_48","gcagaacccaacctccgggcagtacatgctaagacttcaccagtcaaagcgaactactatactcaattgatccaataacttgaccaacggaaca",0,0,0,0,0,0,0,0,0,0,0,0,0,0,0,0,0,0,0,0,60,0,0,0,0,0,0,0,0,0,0,0,0,0,0,0,0,0,0,0,0,0,"ASV_48","Low","9606","Eukaryota","Chordata","Mammalia","Primates","Hominidae","Homo","Homo sapiens"
"ASV_49","gcagaacccaacctccgagcagtacatgctaagacttcaccagtcaaagcgaactactatactcaattgatccaataacttgaccaacgggaca",0,0,0,0,0,0,0,0,0,0,0,0,0,0,0,0,0,0,0,0,122,0,0,0,0,0,0,0,0,0,0,0,0,0,0,0,0,0,0,0,0,0,"ASV_49","Low","9606","Eukaryota","Chordata","Mammalia","Primates","Hominidae","Homo","Homo sapiens"
"ASV_52","gcagaacccaacctccgagcagtacatgctaggacttcaccagtcaaagcgaactactatactcaattgatccaataacttgaccaacggaaca",0,0,0,0,0,0,0,0,0,0,0,0,0,0,0,0,0,0,0,0,56,0,0,0,0,0,0,0,0,0,0,0,0,0,0,0,0,0,0,0,0,0,"ASV_52","Low","9606","Eukaryota","Chordata","Mammalia","Primates","Hominidae","Homo","Homo sapiens"
"ASV_53","gcagaacccaacccccgagcagtacatgctaagacttcaccagtcaaagcgaactactatactcaattgatccaataacttgaccaacggaaca",0,0,0,0,0,0,0,0,0,0,0,0,0,0,0,0,0,0,0,0,120,0,0,0,0,0,0,0,0,0,0,0,0,0,0,0,0,0,0,0,0,0,"ASV_53","Low","9606","Eukaryota","Chordata","Mammalia","Primates","Hominidae","Homo","Homo sapiens"
"ASV_55","gcagaacccaacctccgagcagtacatgctaagacttcaccagtcaaagcgaactactatactcaattgatccaatagcttgaccaacggaaca",0,0,0,0,0,0,0,0,0,0,0,0,0,0,0,0,0,0,0,0,76,0,0,0,0,0,0,0,0,0,0,0,0,0,0,0,0,0,0,0,0,0,"ASV_55","High-MH","None","Eukaryota",NA,NA,NA,NA,NA,NA
"ASV_56","gcagaacccaacctccgagcggtacatgctaagacttcaccagtcaaagcgaactactatactcaattgatccaataacttgaccaacggaaca",0,0,0,0,0,0,0,0,0,0,0,0,0,0,0,0,0,0,0,0,89,0,0,0,0,0,0,0,0,0,0,0,0,0,0,0,0,0,0,0,0,0,"ASV_56","High","9606","Eukaryota","Chordata","Mammalia","Primates","Hominidae","Homo","Homo sapiens"
"ASV_58","gcagaacccaacctccgagcagtacatgctaagacttcaccagtcaaagcgaactactatactcaattgatccaataactcgaccaacggaaca",0,0,0,0,0,0,0,0,0,0,0,0,0,0,0,0,0,0,0,0,79,0,0,0,0,0,0,0,0,0,0,0,0,0,0,0,0,0,0,0,0,0,"ASV_58","Low","9606","Eukaryota","Chordata","Mammalia","Primates","Hominidae","Homo","Homo sapiens"
"ASV_121","gtataattcaacctccaaacagcctagattaagaccgcactagtgtaagcgagctgacacacattgattcgataatttgatcaacagaaga",0,0,1238,0,0,0,0,0,0,0,0,0,0,0,0,0,0,0,0,0,0,0,0,0,0,0,0,0,0,0,0,0,0,0,0,0,0,0,0,0,0,0,"ASV_121","Low","9606","Eukaryota","Chordata","Mammalia","Primates","Hominidae","Homo","Homo sapiens"
"ASV_154","gcagaacccaacctccgagcagtacatgctaagacttcaccagtcaaagcgaactactatactcaattgatccaaatacttgaccaacggaaca",0,0,0,0,0,0,0,0,0,0,0,0,0,0,0,0,0,0,0,0,2,0,0,0,0,0,0,0,0,0,0,0,0,0,0,0,0,0,0,0,0,0,"ASV_154","Low","9606","Eukaryota","Chordata","Mammalia","Primates","Hominidae","Homo","Homo sapiens"
