"","unlist(B05.MAM.asv)[match(rownames(B05.MAM.neg.1), names(unlist(B05.MAM.asv)))]","MAM.B1.1.1.1","MAM.B1.2.1.2","MAM.B1.3.1.3","MAM.B1.4.1.4","MAM.B1.5.1.5","MAM.B1.7.1.7","MAM.B1.8.1.8","MAM.B2.3.1.3","MAM.B2.4.1.4","MAM.B2.5.1.5","MAM.B2.6.1.6","MAM.B2.7.1.7","MAM.B2.8.1.8","MAM.B3.2.2.2","MAM.B3.3.2.3","MAM.B3.5.2.5","MAM.B3.6.2.6","MAM.B3.7.2.7","MAM.B3.8.2.8","MAM.B4.2.2.2","MAM.B4.3.2.3","MAM.B4.4.2.4","MAM.B4.5.2.5","MAM.B4.6.2.6","MAM.B4.7.2.7","MAM.B5.4.2.4","MAM.B5.5.2.5","MAM.B5.6.2.6","MAM.B5.7.2.7","MAM.B5.8.2.8","MAM.B6.1.3.1","MAM.B6.2.3.2","MAM.B6.3.3.3","MAM.B6.7.3.7","MAM.B7.1.3.1","MAM.B7.2.3.2","MAM.B7.3.3.3","MAM.B7.4.3.4","MAM.B7.5.3.5","MAM.B7.6.3.6","MAM.B7.7.3.7","MAM.B7.8.3.8","MAM.B8.1.3.1","MAM.B8.3.3.3","MAM.B8.4.3.4","MAM.B8.6.3.6","MAM.B8.7.3.7","MAM.B8.8.3.8","MAM.Neg1.2.1.2","MAM.Neg1.3.1.3","MAM.Neg1.4.1.4","MAM.Neg1.5.1.5","MAM.Neg1.7.1.7","MAM.Neg1.8.1.8","MAM.Neg2.4.1.4","MAM.Neg2.5.1.5","MAM.Neg2.7.1.7","MAM.Neg3.2.1.2","MAM.Neg3.3.1.3","MAM.Neg3.4.1.4","MAM.Neg3.6.1.6","MAM.Neg3.8.1.8","MAM.Neg4.3.2.3","MAM.Neg4.5.2.5","MAM.Neg4.6.2.6","MAM.Neg4.8.2.8","MAM.Neg5.2.2.2","MAM.Neg5.3.2.3","MAM.Neg5.6.2.6","MAM.Neg5.7.2.7","MAM.Neg6.1.3.1","MAM.Neg6.3.3.3","MAM.Neg6.6.3.6","MAM.Neg6.7.3.7","MAM.Neg6.8.3.8","MAM.Neg7.1.3.1","MAM.Neg7.3.3.3","MAM.Neg7.5.3.5","MAM.Neg7.6.3.6","MAM.Neg7.7.3.7","MAM.Neg7.8.3.8","MAM.Neg8.1.3.1","MAM.Neg8.2.3.2","MAM.Neg8.3.3.3","MAM.Neg8.4.3.4","MAM.Neg8.6.3.6","MAM.Neg8.7.3.7","MAM.Neg8.8.3.8","MAM.B1.6.1.6","MAM.B2.1.1.1","MAM.B3.1.2.1","MAM.B4.1.2.1","MAM.B5.1.2.1","MAM.B6.4.3.4","MAM.B6.6.3.6","MAM.B8.2.3.2","MAM.Neg2.6.1.6","MAM.Neg3.7.1.7","MAM.Neg4.7.2.7","MAM.Neg5.4.2.4","MAM.Neg5.5.2.5","MAM.Neg6.2.3.2","MAM.Neg7.2.3.2","MAM.Neg8.5.3.5","OTU","assignmentQual","taxID","superkingdom","phylum","class","order","family","genus","species"
"ASV_1","gcagaacccaacctccgagcagtacatgctaagacttcaccagtcaaagcgaactactatactcaattgatccaataacttgaccaacggaaca",133503,0,2,3,3,0,1978,2,12,147338,422641,0,2,0,0,9,0,0,3,209894,66449,4,100270,103442,60950,12935,0,4,0,0,0,0,0,64960,0,2,2,2,3,2,0,5,2,0,0,0,3,0,0,0,6,0,0,0,8,0,0,0,0,19,2,0,0,0,0,0,2,3,4,0,0,0,0,0,2,0,0,0,0,0,0,0,0,0,0,0,0,0,0,0,0,0,0,0,0,0,0,0,0,0,0,0,0,0,"ASV_1","High","9606","Eukaryota","Chordata","Mammalia","Primates","Hominidae","Homo","Homo sapiens"
"ASV_2","gtacaaaaaaccctccgagtgattaaaacctaggcccactagccaaagtataacatcacttattgatccaatcctttgatcaacggaaca",0,0,0,0,0,0,0,0,3,0,0,0,0,0,0,0,0,0,0,0,0,0,0,0,0,0,3,3,0,0,0,0,0,0,0,0,0,0,0,0,4,2,0,0,0,0,2,0,0,0,0,0,0,0,0,2,0,0,0,2,0,0,0,0,0,0,0,0,0,0,0,0,0,0,2,0,0,0,0,0,0,0,4,0,0,44,0,0,0,0,0,0,0,0,0,0,0,0,0,0,0,0,0,0,"ASV_2","High","9767","Eukaryota","Chordata","Mammalia","Artiodactyla","Balaenopteridae","Balaenoptera","Balaenoptera acutorostrata"
"ASV_3","gcacaaaaaatcctccgagtgattaaaacttaggctcactagccaaagtgtaatatcacttattgatccaatctcttgatcaacggaaca",0,0,0,5,0,0,0,0,0,0,0,0,0,0,0,0,2,0,0,0,0,0,0,4,0,0,0,3,0,0,0,0,3,0,0,0,0,0,0,0,0,0,0,0,0,0,0,0,0,0,7,0,0,0,3,0,0,0,0,2,0,0,0,0,0,0,0,0,3,0,0,0,0,0,0,0,0,0,0,0,0,0,0,0,0,3,0,2,0,0,0,0,0,0,0,0,0,0,0,0,0,0,0,0,"ASV_3","High","9771","Eukaryota","Chordata","Mammalia","Artiodactyla","Balaenopteridae","Balaenoptera","Balaenoptera musculus"
"ASV_4","gaacaaaacaacctccgagtgatataaacctagacaaaccagtcaaagtatcatatcattaattgatccaaaaacttgatcaacggaaca",0,0,0,0,0,0,0,0,2,0,0,0,0,0,0,0,0,0,0,0,0,0,0,7,0,0,0,0,0,0,3,0,0,0,0,0,0,0,0,0,0,0,0,0,0,0,0,2,0,0,3,0,0,0,7,0,0,0,2,2,3,0,0,0,0,0,0,0,3,0,0,0,0,0,0,0,0,0,0,0,0,0,0,2,0,0,0,0,0,0,0,0,0,0,0,0,0,0,0,0,0,0,0,0,"ASV_4","High","39293","Eukaryota","Chordata","Mammalia","Carnivora","Phocidae","Cystophora","Cystophora cristata"
"ASV_5","gtataaaaaaccctccgagtgattaaaacttaggcttaccagccaaagtataacatcacttattgatccaaaattttgatcaacggaaca",0,0,0,0,0,0,0,0,0,0,0,0,0,0,0,0,0,0,0,0,0,0,0,0,0,0,0,0,0,0,0,0,0,0,0,0,0,0,0,0,0,0,0,0,0,4,0,0,0,0,0,0,0,0,7,0,0,0,0,2,0,0,0,0,0,0,0,0,0,0,0,0,0,0,0,0,0,0,0,0,0,4,0,2,0,0,0,0,0,0,0,0,0,0,0,0,0,0,0,0,0,0,0,0,"ASV_5","High","27610","Eukaryota","Chordata","Mammalia","Artiodactyla","Delphinidae","Lagenorhynchus","Lagenorhynchus albirostris"
"ASV_6","gtacaaaaaaccctccgagtgattttaatctagacaaaccagtcaaaataaccataacatcacttattgatccaaaattttgatcaacggaaca",0,0,0,5,0,0,0,0,0,0,0,0,276125,0,0,0,0,78587,0,0,0,0,0,0,81948,0,0,0,0,0,0,0,0,0,0,0,0,0,0,0,0,0,0,0,0,0,0,0,0,0,0,0,0,0,0,0,0,0,0,5,0,0,0,0,0,0,0,0,0,2,0,0,0,0,0,0,0,0,0,0,0,0,0,0,0,0,2,0,0,0,0,0,0,0,0,0,0,0,0,0,0,0,0,0,"ASV_6","High-MH","None","Eukaryota","Chordata","Mammalia","Artiodactyla","Suidae","Sus",NA
"ASV_7","ggataaaagagcctccatgtggaccgaggttactaatctcacaactaagagctgcagctccaagcaacagaaattctgaccaaaatgatccggcacatgccgattaacggaaca",0,0,0,0,0,0,0,0,0,0,0,0,0,0,0,0,0,0,0,0,0,0,0,0,0,0,0,0,0,0,0,0,0,0,0,0,0,0,0,0,0,0,0,0,0,0,0,0,0,0,0,0,0,0,0,0,0,0,0,2,0,0,0,0,0,0,0,0,0,0,0,0,0,0,0,0,0,0,0,0,0,0,0,0,0,0,0,0,0,0,0,0,0,0,0,0,0,0,0,0,0,0,0,0,"ASV_7","High-MH","None","Eukaryota","Chordata","Actinopteri","Osmeriformes",NA,NA,NA
"ASV_8","gaacaaaacaacctccgagtgatataaaccaagacaaaccagtcaaagtgccatatcattaattgatccaaaaaattttgatcaacggaaca",0,0,0,0,0,0,0,0,2,0,0,0,0,0,0,2,0,0,0,0,0,0,0,0,0,0,0,0,0,0,0,0,0,0,0,0,0,0,0,0,0,0,0,0,0,0,0,0,0,0,0,0,0,0,0,0,0,0,0,4,0,0,0,0,0,0,0,0,0,0,2,0,0,0,0,0,0,0,0,0,0,0,0,0,0,0,0,0,0,0,0,0,0,0,0,0,0,0,0,0,0,0,0,0,"ASV_8","High","39089","Eukaryota","Chordata","Mammalia","Carnivora","Phocidae","Phoca","Phoca groenlandica"
"ASV_9","gtataaaaaaccctccgagtgattaaaacctaggcctactagccaaagtgtagcatcacttattgatccaaatttttgatcaacggaaca",0,0,0,0,0,0,0,0,0,0,0,0,0,0,0,0,0,0,0,0,0,0,0,0,0,0,0,0,0,0,0,0,0,0,0,0,0,0,0,0,0,0,0,0,0,0,0,0,0,0,0,0,0,0,0,0,0,0,0,0,0,0,0,0,0,2,0,0,0,0,0,0,0,0,0,0,0,0,0,0,0,0,0,0,0,0,0,0,0,0,0,0,0,0,0,0,0,0,0,0,0,0,0,0,"ASV_9","High","9742","Eukaryota","Chordata","Mammalia","Artiodactyla","Phocoenidae","Phocoena","Phocoena phocoena"
"ASV_12","gcattaacactccccgaattaattccatacaagataactcctcgaaaactagaacttctaataaattatgatccagaataccaactgatcgataaacta",0,0,0,0,0,0,0,0,0,0,0,0,0,0,0,2,0,0,0,0,0,0,0,0,0,0,0,0,0,0,0,0,0,0,0,0,0,0,0,0,0,0,0,0,0,0,0,0,0,0,0,0,0,0,0,0,0,0,0,0,0,0,0,0,0,0,0,0,0,0,0,0,0,0,0,0,0,0,0,0,0,0,0,0,0,0,0,0,0,0,0,0,0,0,0,0,0,0,0,0,0,0,0,0,NA,NA,NA,NA,NA,NA,NA,NA,NA,NA
"ASV_13","gcataatttaacctccgagcaacctatgctaagactaaacaagtttaagcgaattactatacatatattgacccaataatttgatcaacggaaca",0,0,0,0,0,0,0,0,0,0,0,2,0,0,0,0,0,0,0,0,0,0,216248,0,0,0,0,0,0,0,0,0,0,0,0,0,0,0,0,0,0,0,0,0,0,0,0,0,0,0,0,0,0,0,0,0,0,0,0,0,0,0,0,0,0,0,0,0,0,0,0,0,0,0,0,0,0,0,0,0,0,0,0,0,0,0,0,0,0,0,0,0,0,0,0,0,0,0,0,0,0,0,0,0,"ASV_13","High","9606","Eukaryota","Chordata","Mammalia","Primates","Hominidae","Homo","Homo sapiens"
"ASV_14","gaacaaaacaacctccgagtgatataaatctagacaaaccagtcaaagtatcatatcattaattgatccaaaaacttgatcaacggaaca",0,0,0,0,0,0,0,0,0,0,0,0,0,0,29,0,0,0,0,0,0,0,2,0,0,0,0,0,0,0,0,0,0,0,0,0,0,0,0,0,0,0,0,0,0,0,0,0,0,0,0,0,0,0,0,0,0,0,0,0,0,0,0,0,0,0,0,0,0,0,0,0,0,0,0,0,0,0,0,0,0,0,0,0,0,0,0,0,0,0,0,0,0,0,0,0,0,0,0,0,0,0,0,0,"ASV_14","Low","39293","Eukaryota","Chordata","Mammalia","Carnivora","Phocidae","Cystophora","Cystophora cristata"
"ASV_21","ggataagagagcctccatgtggaccgaggttactaatctcacaactaagagctgcagctccaagcaacagaaattctgaccaaaatgatccggcacatgccgattaacggaaca",0,0,0,0,0,0,0,0,0,0,0,0,0,0,0,0,0,0,0,0,0,0,0,3,0,0,0,0,0,0,0,0,0,0,0,0,0,0,0,0,0,0,0,0,0,0,0,0,0,0,0,0,0,0,0,0,0,0,0,0,0,0,0,0,0,0,0,2,0,0,0,0,0,0,0,0,0,0,0,0,0,0,0,0,0,0,0,0,0,0,0,0,0,0,0,0,0,0,0,0,0,0,0,0,"ASV_21","Low","30960","Eukaryota","Chordata","Actinopteri","Osmeriformes","Salangidae","Mallotus","Mallotus villosus"
"ASV_29","gcataatccaacctccgaacaacctaaactaagactgcactagtgtaagtgagttaacacacactgacccaataatttgatcaacggaata",0,0,0,2,0,0,0,0,0,0,0,0,0,0,0,0,0,0,0,0,0,0,0,0,0,0,0,0,0,0,0,0,0,0,0,0,0,0,0,0,0,0,0,0,0,0,0,0,0,0,0,0,0,0,0,0,0,0,0,0,0,0,0,0,0,0,0,0,0,0,0,0,0,0,0,0,0,0,0,0,0,0,0,0,0,0,0,0,0,0,0,0,0,0,0,0,0,0,0,0,0,0,0,0,"ASV_29","High-MH","None","Can't find taxa in database","Can't find taxa in database","Can't find taxa in database","Can't find taxa in database","Can't find taxa in database","Can't find taxa in database","Can't find taxa in database"
"ASV_31","gaacagaaaagcctctgaatgattaatgtctagacttaatagtcaaaatatactatcacttattgatccaaaaaattgatcaacggaaca",0,0,0,0,0,0,0,0,0,0,0,0,0,0,0,0,0,0,2,0,0,0,0,0,0,0,0,0,0,0,0,0,0,0,0,0,0,0,0,0,0,0,0,0,0,0,0,0,0,0,0,0,0,0,0,0,0,0,0,0,0,0,0,0,0,0,0,0,0,0,0,0,0,0,0,0,0,0,0,0,0,0,0,0,0,0,0,0,0,0,0,0,0,0,0,0,0,0,0,0,0,0,0,0,"ASV_31","Low","124756","Eukaryota","Chordata","Mammalia","Chiroptera","Rhinopomatidae","Rhinopoma","Rhinopoma hardwickii"
"ASV_32","gcactaacactccccgaattaatcctatacaagataacccctcgaaaattagaacttctaatgaattatgatccagaataccaactgaccaacgaacta",0,0,0,0,0,0,0,0,0,0,0,0,0,0,0,0,0,0,0,0,0,0,0,0,0,0,0,0,0,0,0,0,0,0,0,0,0,0,0,0,0,0,0,0,0,0,0,0,0,0,0,0,0,0,0,0,0,0,0,5,0,0,0,0,0,0,0,0,0,0,0,0,0,0,0,0,0,0,0,0,0,0,0,0,0,0,0,0,0,0,0,0,0,0,0,0,0,0,0,0,0,0,0,0,NA,NA,NA,NA,NA,NA,NA,NA,NA,NA
"ASV_37","gcagaacccaacctccgagcagtacatgctaagacttcaccagtcaaagcgaactattatactcaattgatccaataacttgaccaacggaaca",40,0,0,0,0,0,0,0,0,38,132,0,0,0,0,0,0,0,0,56,16,0,22,108,33,7,0,0,0,0,0,0,0,22,0,0,0,0,0,0,0,0,0,0,0,0,0,0,0,0,0,0,0,0,0,0,0,0,0,0,0,0,0,0,0,0,0,0,0,0,0,0,0,0,0,0,0,0,0,0,0,0,0,0,0,0,0,0,0,0,0,0,0,0,0,0,0,0,0,0,0,0,0,0,"ASV_37","High","9606","Eukaryota","Chordata","Mammalia","Primates","Hominidae","Homo","Homo sapiens"
"ASV_41","gcagaacccaacctccgagcagtacatgctaaggcttcaccagtcaaagcgaactactatactcaattgatccaataacttgaccaacggaaca",348,0,0,0,0,0,4,0,0,412,1449,0,0,0,0,0,0,0,0,684,202,0,328,577,225,52,0,0,0,0,0,0,0,177,0,0,0,0,0,0,0,0,0,0,0,0,0,0,0,0,0,0,0,0,0,0,0,0,0,0,0,0,0,0,0,0,0,0,0,0,0,0,0,0,0,0,0,0,0,0,0,0,0,0,0,0,0,0,0,0,0,0,0,0,0,0,0,0,0,0,0,0,0,0,"ASV_41","High","9606","Eukaryota","Chordata","Mammalia","Primates","Hominidae","Homo","Homo sapiens"
"ASV_43","gcagaatccaacctccgagcagtacatgctaagacttcaccagtcaaagcgaactactatactcaattgatccaataacttgaccaacggaaca",104,0,0,0,0,0,0,0,0,74,180,0,0,0,0,0,0,0,0,1191,24,0,191,28,19,2,0,0,0,0,0,0,0,41,0,0,0,0,0,0,0,0,0,0,0,0,0,0,0,0,0,0,0,0,0,0,0,0,0,0,0,0,0,0,0,0,0,0,0,0,0,0,0,0,0,0,0,0,0,0,0,0,0,0,0,0,0,0,0,0,0,0,0,0,0,0,0,0,0,0,0,0,0,0,"ASV_43","High","9606","Eukaryota","Chordata","Mammalia","Primates","Hominidae","Homo","Homo sapiens"
"ASV_44","gcagaacccaacctccgagcagtacatgctaagacttcgccagtcaaagcgaactactatactcaattgatccaataacttgaccaacggaaca",5394,0,0,0,0,0,5,0,0,340,15205,0,0,0,0,0,0,0,0,438,116,0,195,198,150,27,0,0,0,0,0,0,0,167,0,0,0,0,0,0,0,0,0,0,0,0,0,0,0,0,0,0,0,0,0,0,0,0,0,0,0,0,0,0,0,0,0,0,0,0,0,0,0,0,0,0,0,0,0,0,0,0,0,0,0,0,0,0,0,0,0,0,0,0,0,0,0,0,0,0,0,0,0,0,"ASV_44","Low","9606","Eukaryota","Chordata","Mammalia","Primates","Hominidae","Homo","Homo sapiens"
"ASV_45","gcagagcccaacctccgagcagtacatgctaagacttcaccagtcaaagcgaactactatactcaattgatccaataacttgaccaacggaaca",314,0,0,0,0,0,7,0,0,669,1420,0,0,0,0,0,0,0,0,632,174,0,260,318,1720,77,0,0,0,0,0,0,0,189,0,0,0,0,0,0,0,0,0,0,0,0,0,0,0,0,0,0,0,0,0,0,0,0,0,0,0,0,0,0,0,0,0,0,0,0,0,0,0,0,0,0,0,0,0,0,0,0,0,0,0,0,0,0,0,0,0,0,0,0,0,0,0,0,0,0,0,0,0,0,"ASV_45","High","9606","Eukaryota","Chordata","Mammalia","Primates","Hominidae","Homo","Homo sapiens"
"ASV_48","gcagaacccaacctccgagcagtacatgctaagacttcaccagtcaaagcgaactactatactcaattgatccaataacttgaccaacagaaca",80,0,0,0,0,0,2,0,0,88,275,0,0,0,0,0,0,0,0,171,37,0,61,78,26,10,0,0,0,0,0,0,0,26,0,0,0,0,0,0,0,0,0,0,0,0,0,0,0,0,0,0,0,0,0,0,0,0,0,0,0,0,0,0,0,0,0,0,0,0,0,0,0,0,0,0,0,0,0,0,0,0,0,0,0,0,0,0,0,0,0,0,0,0,0,0,0,0,0,0,0,0,0,0,"ASV_48","High","9606","Eukaryota","Chordata","Mammalia","Primates","Hominidae","Homo","Homo sapiens"
"ASV_49","gcagaacccaacctccgagcagtacatgctaagacttcaccagtcaaagcgaactactatactcaattgatccaataacttggccaacggaaca",419,0,0,0,0,0,2,0,0,304,1197,0,0,0,0,0,0,0,0,495,131,0,267,352,178,31,0,0,0,0,0,0,0,222,0,0,0,0,0,0,0,0,0,0,0,0,0,0,0,0,0,0,0,0,0,0,0,0,0,0,0,0,0,0,0,0,0,0,0,0,0,0,0,0,0,0,0,0,0,0,0,0,0,0,0,0,0,0,0,0,0,0,0,0,0,0,0,0,0,0,0,0,0,0,"ASV_49","Low","9606","Eukaryota","Chordata","Mammalia","Primates","Hominidae","Homo","Homo sapiens"
"ASV_52","gcagaacccaacctccgagcagtacatgctaagacttcatcagtcaaagcgaactactatactcaattgatccaataacttgaccaacggaaca",56,0,0,0,0,0,0,0,0,42,236,0,0,0,0,0,0,0,0,66,25,0,34,29,30,3,0,0,0,0,0,0,0,24,0,0,0,0,0,0,0,0,0,0,0,0,0,0,0,0,0,0,0,0,0,0,0,0,0,0,0,0,0,0,0,0,0,0,0,0,0,0,0,0,0,0,0,0,0,0,0,0,0,0,0,0,0,0,0,0,0,0,0,0,0,0,0,0,0,0,0,0,0,0,"ASV_52","Low","9606","Eukaryota","Chordata","Mammalia","Primates","Hominidae","Homo","Homo sapiens"
"ASV_55","atacaaaaaaccctccgagtgattaaaacctaggcccactagccaaagtataacatcacttattgatccaatcctttgatcaacggaaca",0,0,0,3,0,0,0,0,0,0,0,0,0,0,0,0,0,0,0,0,0,0,0,0,0,0,0,0,0,0,0,0,0,0,0,0,0,0,0,0,0,0,0,0,0,0,0,0,0,0,0,0,0,0,0,0,0,0,0,0,0,0,0,0,0,0,0,0,0,0,0,0,0,0,0,0,0,0,0,0,0,0,0,0,0,0,0,0,0,0,0,0,0,0,0,0,0,0,0,0,0,0,0,0,"ASV_55","High","9767","Eukaryota","Chordata","Mammalia","Artiodactyla","Balaenopteridae","Balaenoptera","Balaenoptera acutorostrata"
"ASV_56","gcagaacccaacctccgagcagtacatgctaagacttcaccagtcaaagcgaactactatactcaattgatccaataatttgaccaacggaaca",47,0,0,0,0,0,0,0,0,32,113,0,0,0,0,0,0,0,0,40,12,0,29,30,15,3,0,0,0,0,0,0,0,14,0,0,0,0,0,0,0,0,0,0,0,0,0,0,0,0,0,0,0,0,0,0,0,0,0,0,0,0,0,0,0,0,0,0,0,0,0,0,0,0,0,0,0,0,0,0,0,0,0,0,0,0,0,0,0,0,0,0,0,0,0,0,0,0,0,0,0,0,0,0,"ASV_56","High","9606","Eukaryota","Chordata","Mammalia","Primates","Hominidae","Homo","Homo sapiens"
"ASV_60","gcagaacccaacctccgagcagtacatgctaagacttcaccattcaaagcgaactactatactcaattgatccaataacttgaccaacggaaca",0,0,0,0,0,0,0,0,0,2,10,0,0,0,0,0,0,0,0,0,0,0,3,0,0,3,0,0,0,0,0,0,0,0,0,0,0,0,0,0,0,0,0,0,0,0,0,0,0,0,0,0,0,0,0,0,0,0,0,0,0,0,0,0,0,0,0,0,0,0,0,0,0,0,0,0,0,0,0,0,0,0,0,0,0,0,0,0,0,0,0,0,0,0,0,0,0,0,0,0,0,0,0,0,"ASV_60","Low","9606","Eukaryota","Chordata","Mammalia","Primates","Hominidae","Homo","Homo sapiens"
"ASV_64","gcagaacccaacttccgagcagtacatgctaagacttcaccagtcaaagcgaactactatactcaattgatccaataacttgaccaacggaaca",42,0,0,0,0,0,0,0,0,32,151,0,0,0,0,0,0,0,0,81,25,0,27,21,39,6,0,0,0,0,0,0,0,19,0,0,0,0,0,0,0,0,0,0,0,0,0,0,0,0,0,0,0,0,0,0,0,0,0,0,0,0,0,0,0,0,0,0,0,0,0,0,0,0,0,0,0,0,0,0,0,0,0,0,0,0,0,0,0,0,0,0,0,0,0,0,0,0,0,0,0,0,0,0,"ASV_64","Low","9606","Eukaryota","Chordata","Mammalia","Primates","Hominidae","Homo","Homo sapiens"
"ASV_68","gcagaacccaacctccgagcagtacatgctaagacctcaccagtcaaagcgaactactatactcaattgatccaataacttgaccaacggaaca",248,0,0,0,0,0,2,0,0,200,661,0,0,0,0,0,0,0,0,573,373,0,174,148,83,25,0,0,0,0,0,0,0,105,0,0,0,0,0,0,0,0,0,0,0,0,0,0,0,0,0,0,0,0,0,0,0,0,0,0,0,0,0,0,0,0,0,0,0,0,0,0,0,0,0,0,0,0,0,0,0,0,0,0,0,0,0,0,0,0,0,0,0,0,0,0,0,0,0,0,0,0,0,0,"ASV_68","High","9606","Eukaryota","Chordata","Mammalia","Primates","Hominidae","Homo","Homo sapiens"
"ASV_69","gcagaacccaacctccgagcagtacatgctaagacttcaccagtcaaagtgaactactatactcaattgatccaataacttgaccaacggaaca",73,0,0,0,0,0,0,0,0,63,219,0,0,0,0,0,0,0,0,122,51,0,50,49,32,9,0,0,0,0,0,0,0,32,0,0,0,0,0,0,0,0,0,0,0,0,0,0,0,0,0,0,0,0,0,0,0,0,0,0,0,0,0,0,0,0,0,0,0,0,0,0,0,0,0,0,0,0,0,0,0,0,0,0,0,0,0,0,0,0,0,0,0,0,0,0,0,0,0,0,0,0,0,0,"ASV_69","Low","9606","Eukaryota","Chordata","Mammalia","Primates","Hominidae","Homo","Homo sapiens"
"ASV_72","gcagaacccaacctccgagcagcacatgctaagacttcaccagtcaaagcgaactactatactcaattgatccaataacttgaccaacggaaca",122,0,0,0,0,0,0,0,0,65,265,0,0,0,0,0,0,0,0,164,43,0,56,73,36,5,0,0,0,0,0,0,0,38,0,0,0,0,0,0,0,0,0,0,0,0,0,0,0,0,0,0,0,0,0,0,0,0,0,0,0,0,0,0,0,0,0,0,0,0,0,0,0,0,0,0,0,0,0,0,0,0,0,0,0,0,0,0,0,0,0,0,0,0,0,0,0,0,0,0,0,0,0,0,"ASV_72","High","9606","Eukaryota","Chordata","Mammalia","Primates","Hominidae","Homo","Homo sapiens"
"ASV_75","gcagaacccaacctccgagcagtacatgctaagacttcaccagtcaaagcgaactactatactcaattgatccaataacttgaccaacggagca",184,0,0,0,0,0,2,0,0,159,599,0,0,0,0,0,0,0,0,358,97,0,145,122,84,21,0,0,0,0,0,0,0,86,0,0,0,0,0,0,0,0,0,0,0,0,0,0,0,0,0,0,0,0,0,0,0,0,0,0,0,0,0,0,0,0,0,0,0,0,0,0,0,0,0,0,0,0,0,0,0,0,0,0,0,0,0,0,0,0,0,0,0,0,0,0,0,0,0,0,0,0,0,0,"ASV_75","High","9606","Eukaryota","Chordata","Mammalia","Primates","Hominidae","Homo","Homo sapiens"
"ASV_77","gcaggacccaacctccgagcagtacatgctaagacttcaccagtcaaagcgaactactatactcaattgatccaataacttgaccaacggaaca",128,0,0,0,0,0,5,0,0,175,496,0,0,0,0,0,0,0,0,250,84,0,399,135,225,34,0,0,0,0,0,0,0,84,0,0,0,0,0,0,0,0,0,0,0,0,0,0,0,0,0,0,0,0,0,0,0,0,0,0,0,0,0,0,0,0,0,0,0,0,0,0,0,0,0,0,0,0,0,0,0,0,0,0,0,0,0,0,0,0,0,0,0,0,0,0,0,0,0,0,0,0,0,0,"ASV_77","High","9606","Eukaryota","Chordata","Mammalia","Primates","Hominidae","Homo","Homo sapiens"
"ASV_78","gcagaacccaacctccgagcagtacatgctaagacttcaccagccaaagcgaactactatactcaattgatccaataacttgaccaacggaaca",156,0,0,0,0,0,2,0,0,164,503,0,0,0,0,0,0,0,0,233,99,0,126,154,64,11,0,0,0,0,0,0,0,63,0,0,0,0,0,0,0,0,0,0,0,0,0,0,0,0,0,0,0,0,0,0,0,0,0,0,0,0,0,0,0,0,0,0,0,0,0,0,0,0,0,0,0,0,0,0,0,0,0,0,0,0,0,0,0,0,0,0,0,0,0,0,0,0,0,0,0,0,0,0,"ASV_78","High","9606","Eukaryota","Chordata","Mammalia","Primates","Hominidae","Homo","Homo sapiens"
"ASV_80","gcagaacccaacctccgagcagtacatgctaagacttcaccagtcaaggcgaactactatactcaattgatccaataacttgaccaacggaaca",161,0,0,0,0,0,3,0,0,307,525,0,0,0,0,0,0,0,0,249,55,0,133,83,66,17,0,0,0,0,0,0,0,76,0,0,0,0,0,0,0,0,0,0,0,0,0,0,0,0,0,0,0,0,0,0,0,0,0,0,0,0,0,0,0,0,0,0,0,0,0,0,0,0,0,0,0,0,0,0,0,0,0,0,0,0,0,0,0,0,0,0,0,0,0,0,0,0,0,0,0,0,0,0,"ASV_80","High","9606","Eukaryota","Chordata","Mammalia","Primates","Hominidae","Homo","Homo sapiens"
"ASV_81","gcagaacccaacctccgagcagtacatgctaagacttcaccagtcaaagcggactactatactcaattgatccaataacttgaccaacggaaca",167,0,0,0,0,0,0,0,0,160,566,0,0,0,0,0,0,0,0,237,70,0,104,120,71,15,0,0,0,0,0,0,0,90,0,0,0,0,0,0,0,0,0,0,0,0,0,0,0,0,0,0,0,0,0,0,0,0,0,0,0,0,0,0,0,0,0,0,0,0,0,0,0,0,0,0,0,0,0,0,0,0,0,0,0,0,0,0,0,0,0,0,0,0,0,0,0,0,0,0,0,0,0,0,"ASV_81","Low","9606","Eukaryota","Chordata","Mammalia","Primates","Hominidae","Homo","Homo sapiens"
"ASV_82","gcagaacccaacctccgagcagtacatgctaagacttcaccagtcaaagcgagctactatactcaattgatccaataacttgaccaacggaaca",148,0,0,0,0,0,2,0,0,224,538,0,0,0,0,0,0,0,0,249,73,0,129,172,75,16,0,0,0,0,0,0,0,87,0,0,0,0,0,0,0,0,0,0,0,0,0,0,0,0,0,0,0,0,0,0,0,0,0,0,0,0,0,0,0,0,0,0,0,0,0,0,0,0,0,0,0,0,0,0,0,0,0,0,0,0,0,0,0,0,0,0,0,0,0,0,0,0,0,0,0,0,0,0,"ASV_82","High","9606","Eukaryota","Chordata","Mammalia","Primates","Hominidae","Homo","Homo sapiens"
"ASV_83","gcagaacccaacctccgagcagtacatgctaagacttcaccagtcaaagcgaactactatactcaattgatccaataacttgaccaacgggaca",142,0,0,0,0,0,3,0,0,196,536,0,0,0,0,0,0,0,0,293,69,0,114,89,54,928,0,0,0,0,0,0,0,67,0,0,0,0,0,0,0,0,0,0,0,0,0,0,0,0,0,0,0,0,0,0,0,0,0,0,0,0,0,0,0,0,0,0,0,0,0,0,0,0,0,0,0,0,0,0,0,0,0,0,0,0,0,0,0,0,0,0,0,0,0,0,0,0,0,0,0,0,0,0,"ASV_83","Low","9606","Eukaryota","Chordata","Mammalia","Primates","Hominidae","Homo","Homo sapiens"
"ASV_85","gcagaacccaacctccgagcagtacatgctaagacttcaccagtcaaagcgaactactatactcaattggtccaataacttgaccaacggaaca",154,0,0,0,0,0,0,0,0,141,561,0,0,0,0,0,0,0,0,250,70,0,110,97,86,22,0,0,0,0,0,0,0,88,0,0,0,0,0,0,0,0,0,0,0,0,0,0,0,0,0,0,0,0,0,0,0,0,0,0,0,0,0,0,0,0,0,0,0,0,0,0,0,0,0,0,0,0,0,0,0,0,0,0,0,0,0,0,0,0,0,0,0,0,0,0,0,0,0,0,0,0,0,0,"ASV_85","Low","9606","Eukaryota","Chordata","Mammalia","Primates","Hominidae","Homo","Homo sapiens"
"ASV_88","gcagaacccaacctccgagcagtacatgctaagacttcaccagtcaaagcgaactactatactcaattgatccaataacttgaccagcggaaca",134,0,0,0,0,0,4,0,0,111,351,0,0,0,0,0,0,0,0,231,47,0,97,128,55,10,0,0,0,0,0,0,0,75,0,0,0,0,0,0,0,0,0,0,0,0,0,0,0,0,0,0,0,0,0,0,0,0,0,0,0,0,0,0,0,0,0,0,0,0,0,0,0,0,0,0,0,0,0,0,0,0,0,0,0,0,0,0,0,0,0,0,0,0,0,0,0,0,0,0,0,0,0,0,"ASV_88","Low","9606","Eukaryota","Chordata","Mammalia","Primates","Hominidae","Homo","Homo sapiens"
"ASV_89","gcagaacccaacctccgggcagtacatgctaagacttcaccagtcaaagcgaactactatactcaattgatccaataacttgaccaacggaaca",156,0,0,0,0,0,0,0,0,148,504,0,0,0,0,0,0,0,0,235,71,0,84,98,43,18,0,0,0,0,0,0,0,78,0,0,0,0,0,0,0,0,0,0,0,0,0,0,0,0,0,0,0,0,0,0,0,0,0,0,0,0,0,0,0,0,0,0,0,0,0,0,0,0,0,0,0,0,0,0,0,0,0,0,0,0,0,0,0,0,0,0,0,0,0,0,0,0,0,0,0,0,0,0,"ASV_89","Low","9606","Eukaryota","Chordata","Mammalia","Primates","Hominidae","Homo","Homo sapiens"
"ASV_91","gcagaacccaacctccaagcagtacatgctaagacttcaccagtcaaagcgaactactatactcaattgatccaataacttgaccaacggaaca",67,0,0,0,0,0,2,0,0,75,198,0,0,0,0,0,0,0,0,101,31,0,38,47,25,10,0,0,0,0,0,0,0,24,0,0,0,0,0,0,0,0,0,0,0,0,0,0,0,0,0,0,0,0,0,0,0,0,0,0,0,0,0,0,0,0,0,0,0,0,0,0,0,0,0,0,0,0,0,0,0,0,0,0,0,0,0,0,0,0,0,0,0,0,0,0,0,0,0,0,0,0,0,0,"ASV_91","High","9606","Eukaryota","Chordata","Mammalia","Primates","Hominidae","Homo","Homo sapiens"
"ASV_111","gcagaacccaacctccgagcagtacatgctaagacttcaccagtcaaagcgaactactatactcaattgatccaataacttgatcaacggaaca",22,0,0,0,0,0,3,0,0,33,338,0,0,0,0,0,0,0,0,18,15,0,172,24,58,0,0,0,0,0,0,0,0,9,0,0,0,0,0,0,0,0,0,0,0,0,0,0,0,0,0,0,0,0,0,0,0,0,0,0,0,0,0,0,0,0,0,0,0,0,0,0,0,0,0,0,0,0,0,0,0,0,0,0,0,0,0,0,0,0,0,0,0,0,0,0,0,0,0,0,0,0,0,0,"ASV_111","High","9606","Eukaryota","Chordata","Mammalia","Primates","Hominidae","Homo","Homo sapiens"
"ASV_112","gtataaaaaaccctccgagtgattttaatctagacaaaccagtcaaaataaccataacatcacttattgatccaaaattttgatcaacggaaca",0,0,0,0,0,0,0,0,0,0,0,0,7613,0,0,0,0,12,0,0,0,0,0,0,20,0,0,0,0,0,0,0,0,0,0,0,0,0,0,0,0,0,0,0,0,0,0,0,0,0,0,0,0,0,0,0,0,0,0,0,0,0,0,0,0,0,0,0,0,0,0,0,0,0,0,0,0,0,0,0,0,0,0,0,0,0,0,0,0,0,0,0,0,0,0,0,0,0,0,0,0,0,0,0,"ASV_112","Low","9823","Eukaryota","Chordata","Mammalia","Artiodactyla","Suidae","Sus","Sus scrofa"
"ASV_118","gtacaaaaaaccctccgagtgattttaatttagacaaaccagtcaaaataaccataacatcacttattgatccaaaattttgatcaacggaaca",0,0,0,0,0,0,0,0,0,0,0,0,8373,0,0,0,0,27,0,0,0,0,0,0,22,0,0,0,0,0,0,0,0,0,0,0,0,0,0,0,0,0,0,0,0,0,0,0,0,0,0,0,0,0,0,0,0,0,0,0,0,0,0,0,0,0,0,0,0,0,0,0,0,0,0,0,0,0,0,0,0,0,0,0,0,0,0,0,0,0,0,0,0,0,0,0,0,0,0,0,0,0,0,0,"ASV_118","Low","9823","Eukaryota","Chordata","Mammalia","Artiodactyla","Suidae","Sus","Sus scrofa"
"ASV_148","gcataatttaacctccgagcagcctatgctaagactaaacaagtttaagcgaattactatacatatattgacccaataatttgatcaacggaaca",0,0,0,0,0,0,0,0,0,0,0,0,0,0,0,0,0,0,0,0,0,0,1113,0,0,0,0,0,0,0,0,0,0,0,0,0,0,0,0,0,0,0,0,0,0,0,0,0,0,0,0,0,0,0,0,0,0,0,0,0,0,0,0,0,0,0,0,0,0,0,0,0,0,0,0,0,0,0,0,0,0,0,0,0,0,0,0,0,0,0,0,0,0,0,0,0,0,0,0,0,0,0,0,0,"ASV_148","Low","9606","Eukaryota","Chordata","Mammalia","Primates","Hominidae","Homo","Homo sapiens"
"ASV_153","gtataatttaacctccgagcaacctatgctaagactaaacaagtttaagcgaattactatacatatattgacccaataatttgatcaacggaaca",0,0,0,0,0,0,0,0,0,0,0,0,0,0,0,0,0,0,0,0,0,0,78,0,0,0,0,0,0,0,0,0,0,0,0,0,0,0,0,0,0,0,0,0,0,0,0,0,0,0,0,0,0,0,0,0,0,0,0,0,0,0,0,0,0,0,0,0,0,0,0,0,0,0,0,0,0,0,0,0,0,0,0,0,0,0,0,0,0,0,0,0,0,0,0,0,0,0,0,0,0,0,0,0,"ASV_153","High","9606","Eukaryota","Chordata","Mammalia","Primates","Hominidae","Homo","Homo sapiens"
"ASV_166","gtacaaaaaaccctccgagtgattttaatctagacaaaccagtcaaaataaccataacatcacttattgatccaaaattttgatcaacggagca",0,0,0,0,0,0,0,0,0,0,0,0,417,0,0,0,0,179,0,0,0,0,0,0,97,0,0,0,0,0,0,0,0,0,0,0,0,0,0,0,0,0,0,0,0,0,0,0,0,0,0,0,0,0,0,0,0,0,0,0,0,0,0,0,0,0,0,0,0,0,0,0,0,0,0,0,0,0,0,0,0,0,0,0,0,0,0,0,0,0,0,0,0,0,0,0,0,0,0,0,0,0,0,0,"ASV_166","High-MH","None","Eukaryota","Chordata","Mammalia","Artiodactyla","Suidae","Sus",NA
"ASV_167","gtacaaaaagccctccgagtgattttaatctagacaaaccagtcaaaataaccataacatcacttattgatccaaaattttgatcaacggaaca",0,0,0,0,0,0,0,0,0,0,0,0,381,0,0,0,0,106,0,0,0,0,0,0,132,0,0,0,0,0,0,0,0,0,0,0,0,0,0,0,0,0,0,0,0,0,0,0,0,0,0,0,0,0,0,0,0,0,0,0,0,0,0,0,0,0,0,0,0,0,0,0,0,0,0,0,0,0,0,0,0,0,0,0,0,0,0,0,0,0,0,0,0,0,0,0,0,0,0,0,0,0,0,0,"ASV_167","Low","9823","Eukaryota","Chordata","Mammalia","Artiodactyla","Suidae","Sus","Sus scrofa"
"ASV_169","gtacaaaaaaccctccgggtgattttaatctagacaaaccagtcaaaataaccataacatcacttattgatccaaaattttgatcaacggaaca",0,0,0,0,0,0,0,0,0,0,0,0,279,0,0,0,0,71,0,0,0,0,0,0,83,0,0,0,0,0,0,0,0,0,0,0,0,0,0,0,0,0,0,0,0,0,0,0,0,0,0,0,0,0,0,0,0,0,0,0,0,0,0,0,0,0,0,0,0,0,0,0,0,0,0,0,0,0,0,0,0,0,0,0,0,0,0,0,0,0,0,0,0,0,0,0,0,0,0,0,0,0,0,0,"ASV_169","Low","9823","Eukaryota","Chordata","Mammalia","Artiodactyla","Suidae","Sus","Sus scrofa"
"ASV_178","gtacaaaaaaccctccgagtgattttaatctaggcaaaccagtcaaaataaccataacatcacttattgatccaaaattttgatcaacggaaca",0,0,0,0,0,0,0,0,0,0,0,0,470,0,0,0,0,80,0,0,0,0,0,0,95,0,0,0,0,0,0,0,0,0,0,0,0,0,0,0,0,0,0,0,0,0,0,0,0,0,0,0,0,0,0,0,0,0,0,0,0,0,0,0,0,0,0,0,0,0,0,0,0,0,0,0,0,0,0,0,0,0,0,0,0,0,0,0,0,0,0,0,0,0,0,0,0,0,0,0,0,0,0,0,"ASV_178","Low","9823","Eukaryota","Chordata","Mammalia","Artiodactyla","Suidae","Sus","Sus scrofa"
"ASV_186","gtacaaaaaaccctccgagtggttttaatctagacaaaccagtcaaaataaccataacatcacttattgatccaaaattttgatcaacggaaca",0,0,0,0,0,0,0,0,0,0,0,0,462,0,0,0,0,59,0,0,0,0,0,0,72,0,0,0,0,0,0,0,0,0,0,0,0,0,0,0,0,0,0,0,0,0,0,0,0,0,0,0,0,0,0,0,0,0,0,0,0,0,0,0,0,0,0,0,0,0,0,0,0,0,0,0,0,0,0,0,0,0,0,0,0,0,0,0,0,0,0,0,0,0,0,0,0,0,0,0,0,0,0,0,"ASV_186","Low","9823","Eukaryota","Chordata","Mammalia","Artiodactyla","Suidae","Sus","Sus scrofa"
"ASV_190","gcataatttaacctccgagcaacctatgctaagactaaacaagtttaagcgaattactatacatatattgacccaataatctgatcaacggaaca",0,0,0,0,0,0,0,0,0,0,0,0,0,0,0,0,0,0,0,0,0,0,2239,0,0,0,0,0,0,0,0,0,0,0,0,0,0,0,0,0,0,0,0,0,0,0,0,0,0,0,0,0,0,0,0,0,0,0,0,0,0,0,0,0,0,0,0,0,0,0,0,0,0,0,0,0,0,0,0,0,0,0,0,0,0,0,0,0,0,0,0,0,0,0,0,0,0,0,0,0,0,0,0,0,"ASV_190","Low","9606","Eukaryota","Chordata","Mammalia","Primates","Hominidae","Homo","Homo sapiens"
"ASV_203","gcataatttaacctccgagcaacctatgctaagactaaacaagtttacgtgaattactatacatatattgacccaataatttgatcaacggaaca",0,0,0,0,0,0,0,0,0,0,0,0,0,0,0,0,0,0,0,0,0,0,3,0,0,0,0,0,0,0,0,0,0,0,0,0,0,0,0,0,0,0,0,0,0,0,0,0,0,0,0,0,0,0,0,0,0,0,0,0,0,0,0,0,0,0,0,0,0,0,0,0,0,0,0,0,0,0,0,0,0,0,0,0,0,0,0,0,0,0,0,0,0,0,0,0,0,0,0,0,0,0,0,0,"ASV_203","High-MH","None","Eukaryota","Chordata","Mammalia","Primates","Hominidae",NA,NA
"ASV_209","gcagaacccaacctccgagcagtacatgctaaaacttcaccagtcagagcgaactactatactcaattgatccaataacttgaccaacggaaca",0,0,0,0,0,0,0,0,0,0,10,0,0,0,0,0,0,0,0,0,0,0,0,0,0,0,0,0,0,0,0,0,0,0,0,0,0,0,0,0,0,0,0,0,0,0,0,0,0,0,0,0,0,0,0,0,0,0,0,0,0,0,0,0,0,0,0,0,0,0,0,0,0,0,0,0,0,0,0,0,0,0,0,0,0,0,0,0,0,0,0,0,0,0,0,0,0,0,0,0,0,0,0,0,"ASV_209","Low","9606","Eukaryota","Chordata","Mammalia","Primates","Hominidae","Homo","Homo sapiens"
"ASV_217","gcagaacccaaccaccgagcagtacatgctaagacttcaccagtcaaagcgaactactatactcaattgatccaataacttgaccaacggaaca",2,0,0,0,0,0,0,0,0,3,11,0,0,0,0,0,0,0,0,6,2,0,3,0,0,0,0,0,0,0,0,0,0,2,0,0,0,0,0,0,0,0,0,0,0,0,0,0,0,0,0,0,0,0,0,0,0,0,0,0,0,0,0,0,0,0,0,0,0,0,0,0,0,0,0,0,0,0,0,0,0,0,0,0,0,0,0,0,0,0,0,0,0,0,0,0,0,0,0,0,0,0,0,0,"ASV_217","Low","9606","Eukaryota","Chordata","Mammalia","Primates","Hominidae","Homo","Homo sapiens"
"ASV_246","gcagaacccaacctccgagcagtacatgctaagacttcaccagtcaaagcgaactactatactcaattgatccaaaattttgatcaacggaaca",0,0,0,0,0,0,0,0,0,0,0,0,0,0,0,0,0,0,0,0,0,0,0,0,40,0,0,0,0,0,0,0,0,0,0,0,0,0,0,0,0,0,0,0,0,0,0,0,0,0,0,0,0,0,0,0,0,0,0,0,0,0,0,0,0,0,0,0,0,0,0,0,0,0,0,0,0,0,0,0,0,0,0,0,0,0,0,0,0,0,0,0,0,0,0,0,0,0,0,0,0,0,0,0,"ASV_246","Low","9606","Eukaryota","Chordata","Mammalia","Primates","Hominidae","Homo","Homo sapiens"
"ASV_272","gcagaacccaacctccgagcagtacatgctaagacttcaccggtcaaagcgagctactatactcaattgatccaataacttgaccaacggaaca",0,0,0,0,0,0,0,0,0,0,3,0,0,0,0,0,0,0,0,2,0,0,0,0,0,0,0,0,0,0,0,0,0,0,0,0,0,0,0,0,0,0,0,0,0,0,0,0,0,0,0,0,0,0,0,0,0,0,0,0,0,0,0,0,0,0,0,0,0,0,0,0,0,0,0,0,0,0,0,0,0,0,0,0,0,0,0,0,0,0,0,0,0,0,0,0,0,0,0,0,0,0,0,0,"ASV_272","Low","9606","Eukaryota","Chordata","Mammalia","Primates","Hominidae","Homo","Homo sapiens"
"ASV_314","gtacaaaaaaccctccgagtgattttaatctagacaaaccagtcaaaataaccataacatcacttattgatccaaaattttgatcaacggtaca",0,0,0,0,0,0,0,0,0,0,0,0,58,0,0,0,0,16,0,0,0,0,0,0,15,0,0,0,0,0,0,0,0,0,0,0,0,0,0,0,0,0,0,0,0,0,0,0,0,0,0,0,0,0,0,0,0,0,0,0,0,0,0,0,0,0,0,0,0,0,0,0,0,0,0,0,0,0,0,0,0,0,0,0,0,0,0,0,0,0,0,0,0,0,0,0,0,0,0,0,0,0,0,0,"ASV_314","Low","9823","Eukaryota","Chordata","Mammalia","Artiodactyla","Suidae","Sus","Sus scrofa"
"ASV_320","gcagaacccaacctccgagcagtacatgctaagacttcgccagtcaaagcgaactactatactcaattgatccaataacttgaccagcggaaca",9,0,0,0,0,0,0,0,0,0,17,0,0,0,0,0,0,0,0,0,0,0,0,0,0,0,0,0,0,0,0,0,0,0,0,0,0,0,0,0,0,0,0,0,0,0,0,0,0,0,0,0,0,0,0,0,0,0,0,0,0,0,0,0,0,0,0,0,0,0,0,0,0,0,0,0,0,0,0,0,0,0,0,0,0,0,0,0,0,0,0,0,0,0,0,0,0,0,0,0,0,0,0,0,"ASV_320","Low","9606","Eukaryota","Chordata","Mammalia","Primates","Hominidae","Homo","Homo sapiens"
"ASV_343","gtacaaaaaaccctccgagtgattttaatctagacaaaccagtcaaaataaccataacatcacctattgatccaaaattttgattaacggaaca",0,0,0,0,0,0,0,0,0,0,0,0,2,0,0,0,0,0,0,0,0,0,0,0,0,0,0,0,0,0,0,0,0,0,0,0,0,0,0,0,0,0,0,0,0,0,0,0,0,0,0,0,0,0,0,0,0,0,0,0,0,0,0,0,0,0,0,0,0,0,0,0,0,0,0,0,0,0,0,0,0,0,0,0,0,0,0,0,0,0,0,0,0,0,0,0,0,0,0,0,0,0,0,0,"ASV_343","Low","9823","Eukaryota","Chordata","Mammalia","Artiodactyla","Suidae","Sus","Sus scrofa"
"ASV_358","gcagaacccaacctccgagcagtacatgctaagacttcaccagtcaaagcgaactactatactcaattgatccaaatacttgaccaacggaaca",0,0,0,0,0,0,0,0,0,0,4,0,0,0,0,0,0,0,0,0,0,0,0,2,0,0,0,0,0,0,0,0,0,0,0,0,0,0,0,0,0,0,0,0,0,0,0,0,0,0,0,0,0,0,0,0,0,0,0,0,0,0,0,0,0,0,0,0,0,0,0,0,0,0,0,0,0,0,0,0,0,0,0,0,0,0,0,0,0,0,0,0,0,0,0,0,0,0,0,0,0,0,0,0,"ASV_358","Low","9606","Eukaryota","Chordata","Mammalia","Primates","Hominidae","Homo","Homo sapiens"
"ASV_361","gcagaacccaacctccgagcagtacatgctaagacttcaccagtcaaagcgaactactatacatatattgacccaataatttgatcaacggaaca",0,0,0,0,0,0,0,0,0,0,0,0,0,0,0,0,0,0,0,0,0,0,66,0,0,0,0,0,0,0,0,0,0,0,0,0,0,0,0,0,0,0,0,0,0,0,0,0,0,0,0,0,0,0,0,0,0,0,0,0,0,0,0,0,0,0,0,0,0,0,0,0,0,0,0,0,0,0,0,0,0,0,0,0,0,0,0,0,0,0,0,0,0,0,0,0,0,0,0,0,0,0,0,0,"ASV_361","Low","9606","Eukaryota","Chordata","Mammalia","Primates","Hominidae","Homo","Homo sapiens"
"ASV_388","gcagaacccaacctccgagcagttcatgctaagactccaccagtcaaagcgaactactatactcaattgatccaataacttgaccaacggaaca",0,0,0,0,0,0,0,0,0,0,0,0,0,0,0,0,0,0,0,2,0,0,0,0,0,0,0,0,0,0,0,0,0,0,0,0,0,0,0,0,0,0,0,0,0,0,0,0,0,0,0,0,0,0,0,0,0,0,0,0,0,0,0,0,0,0,0,0,0,0,0,0,0,0,0,0,0,0,0,0,0,0,0,0,0,0,0,0,0,0,0,0,0,0,0,0,0,0,0,0,0,0,0,0,"ASV_388","Low","9606","Eukaryota","Chordata","Mammalia","Primates","Hominidae","Homo","Homo sapiens"
"ASV_406","gcagaacccaacctccgagcagtacatgctaagacttcaccagtcaaaataaccataacatcacttattgatccaaaattttgatcaacggaaca",0,0,0,0,0,0,0,0,0,0,0,0,0,0,0,0,0,0,0,0,0,0,0,0,15,0,0,0,0,0,0,0,0,0,0,0,0,0,0,0,0,0,0,0,0,0,0,0,0,0,0,0,0,0,0,0,0,0,0,0,0,0,0,0,0,0,0,0,0,0,0,0,0,0,0,0,0,0,0,0,0,0,0,0,0,0,0,0,0,0,0,0,0,0,0,0,0,0,0,0,0,0,0,0,"ASV_406","None","None",NA,NA,NA,NA,NA,NA,NA
"ASV_408","gcataatttttcctccgagcaacctatgctaagactaaacaagtttaagcgaattactatacatatattgacccaataatttgatcaacggaaca",0,0,0,0,0,0,0,0,0,0,0,0,0,0,0,0,0,0,0,0,0,0,8,0,0,0,0,0,0,0,0,0,0,0,0,0,0,0,0,0,0,0,0,0,0,0,0,0,0,0,0,0,0,0,0,0,0,0,0,0,0,0,0,0,0,0,0,0,0,0,0,0,0,0,0,0,0,0,0,0,0,0,0,0,0,0,0,0,0,0,0,0,0,0,0,0,0,0,0,0,0,0,0,0,"ASV_408","Low","9606","Eukaryota","Chordata","Mammalia","Primates","Hominidae","Homo","Homo sapiens"
"ASV_414","gtacaaaaaaccctccgagtgatttttttctagacaaaccagtcaaaataaccataacatcacttattgatccaaaattttgatcaacggaaca",0,0,0,0,0,0,0,0,0,0,0,0,4,0,0,0,0,0,0,0,0,0,0,0,0,0,0,0,0,0,0,0,0,0,0,0,0,0,0,0,0,0,0,0,0,0,0,0,0,0,0,0,0,0,0,0,0,0,0,0,0,0,0,0,0,0,0,0,0,0,0,0,0,0,0,0,0,0,0,0,0,0,0,0,0,0,0,0,0,0,0,0,0,0,0,0,0,0,0,0,0,0,0,0,"ASV_414","Low","9823","Eukaryota","Chordata","Mammalia","Artiodactyla","Suidae","Sus","Sus scrofa"
